name,url,intro,opentype,author,typeBook,price,language,ISBN,press,time,englishName,
《FBI心理分析术》,http:////www.baike.com//wiki//%E3%80%8AFBI%E5%BF%83%E7%90%86%E5%88%86%E6%9E%90%E6%9C%AF%E3%80%8B,"本书教你理解和掌握人的内心世界。
",书籍 出版 出版业 出版物 图书 心理学 文化 罗伯特・K・雷斯勒 ,【美】罗伯特・K・雷斯勒，汤姆・夏希特曼,心理学,29.8,,9.78754E+12,江苏文艺出版社,,,
《FBI教你破解身体语言》,http:////www.baike.com//wiki//%E3%80%8AFBI%E6%95%99%E4%BD%A0%E7%A0%B4%E8%A7%A3%E8%BA%AB%E4%BD%93%E8%AF%AD%E8%A8%80%E3%80%8B,"《FBI教你破解身体语言（白金升级版）》里教你：不用一言一语，掌握别人的想法和意图；不用一言一语，建立自己的影响力和权威；不用一言一语，展现自己的风度和自信；不用一言一语，在组织里获得升迁的机会。
",书籍 互动读书 人文社科 传媒 出版 出版业 出版物 图书 心理学 文化 身体语言 ,（美）乔・纳瓦罗，马文・卡尔林斯 著，王丽　译,心理学,26,中文,9.78781E+12,吉林文史出版社,,What EveryBODY is Saying,
《一学就会的心理学百科》,http:////www.baike.com//wiki//%E3%80%8A%E4%B8%80%E5%AD%A6%E5%B0%B1%E4%BC%9A%E7%9A%84%E5%BF%83%E7%90%86%E5%AD%A6%E7%99%BE%E7%A7%91%E3%80%8B,"《一学就会的心理学百科》是韩国姜贤植创作的心理学图书，由化学工业出版社于2012年1月出版。主要介绍了人类自能够思考的那一刻起就产生了好奇心，作为心理学专门图书。
",书籍 出版 出版业 出版物 图书 心理学 文化 心理学图书 ,姜贤植,心理学书籍,29.8元,,9.78712E+12,化学工业出版社,,,
《三种心理学》,http:////www.baike.com//wiki//%E3%80%8A%E4%B8%89%E7%A7%8D%E5%BF%83%E7%90%86%E5%AD%A6%E3%80%8B,"《三种心理学》本书作者罗伯特・D・纳简明地阐述了三位心理学大师弗洛伊德、斯金纳和罗杰斯他们的哲学理论观点。
",书籍 出版 出版业 出版物 哲学 图书 心理学 文化 ,（美）纳 著 石林 袁神 译,生活 心理学 哲学 书籍,20.00元,中文,9.7875E+12,中国轻工业出版社,,,
《上班的智慧》,http:////www.baike.com//wiki//%E3%80%8A%E4%B8%8A%E7%8F%AD%E7%9A%84%E6%99%BA%E6%85%A7%E3%80%8B,"《上班的智慧》是日本诺比科技公司总经理大林伸安创作的，林心泰翻译的心理学书籍。本书介绍了许多工作黄金法则，以亲身经历为案例，生动地叙述自己从不快乐工作到快乐工作。
",书籍 出版 出版业 出版物 图书 心理学 心理学书籍 文化 ,大林伸安,心理学书籍,18元,,9.78751E+12,华夏出版社,,,
《不一样的健康心理学》,http:////www.baike.com//wiki//%E3%80%8A%E4%B8%8D%E4%B8%80%E6%A0%B7%E7%9A%84%E5%81%A5%E5%BA%B7%E5%BF%83%E7%90%86%E5%AD%A6%E3%80%8B,"《不一样的健康心理学》，芦淼著，青藤绘，2010年10月中国青年出版社出版。最适合国人的心灵成长学馆。顶级心理咨询师&部落格人气插画师带你走出灰色状态体验心灵氧补给带来的畅快。
",书籍 出版 出版业 出版物 图书 心理学 文化 ,"芦淼 (作者), 青藤 (插图作者)",图书 > 心理学 > 应用心理学 > 医学心理学、病理心理学,28,简体中文,9.7875E+12,中国青年出版社,,,
《不一样的恋爱心理学》,http:////www.baike.com//wiki//%E3%80%8A%E4%B8%8D%E4%B8%80%E6%A0%B7%E7%9A%84%E6%81%8B%E7%88%B1%E5%BF%83%E7%90%86%E5%AD%A6%E3%80%8B,"《不一样的恋爱心理学》，芦淼著，青藤绘，2010年10月中国青年出版社出版。最适合国人的心灵成长学馆。顶级心理咨询师&部落格人气插画师让你摆脱爱情菜鸟的窘境一跃成为""恋爱达人”。
",书籍 互动读书 人文社科 出版 出版业 出版物 图书 心理学 文化 ,"芦淼 (作者), 青藤 (插图作者)",图书 > 婚恋与两性 > 恋爱 > 恋爱指导,,简体中文,9.7875E+12,中国青年出版社,,,
《不一样的职场心理学》,http:////www.baike.com//wiki//%E3%80%8A%E4%B8%8D%E4%B8%80%E6%A0%B7%E7%9A%84%E8%81%8C%E5%9C%BA%E5%BF%83%E7%90%86%E5%AD%A6%E3%80%8B,"《不一样的职场心理学》，芦淼编著，青藤绘，2010年10月中国青年出版社出版。最适合国人的心灵成长学馆。顶级心理咨询师&部落格人气插画师帮你从职场新人一跃成为左右逢源的职场精英。
",书籍 出版 出版业 出版物 图书 心理学 文化 ,"芦淼 (作者), 青藤 (插图作者)",图书 > 励志与成功 > 人在职场,,简体中文,9.7875E+12,中国青年出版社,,,
《不一样的色彩心理学》,http:////www.baike.com//wiki//%E3%80%8A%E4%B8%8D%E4%B8%80%E6%A0%B7%E7%9A%84%E8%89%B2%E5%BD%A9%E5%BF%83%E7%90%86%E5%AD%A6%E3%80%8B,"《不一样的色彩心理学》，芦淼著，青藤绘，2010年10月中国青年出版社出版。最适合国人的心灵成长学馆。顶级心理咨询师&部落格人气插画师从色彩学的角度给你吃穿住行的专业建议。
",书籍 出版 出版业 出版物 图书 心理学 文化 ,"芦淼 (作者), 青藤 (插图作者)",图书 > 艺术 > 艺术理论与评论 > 造型艺术理论,32,简体中文,9.7875E+12,中国青年出版社,,,
《不一样的趣味心理学》,http:////www.baike.com//wiki//%E3%80%8A%E4%B8%8D%E4%B8%80%E6%A0%B7%E7%9A%84%E8%B6%A3%E5%91%B3%E5%BF%83%E7%90%86%E5%AD%A6%E3%80%8B,"《不一样的趣味心理学》，芦淼编著，青藤绘，2010年10月中国青年出版社出版。最适合国人的心灵成长学馆。顶级心理咨询师&部落格人气插画师教你人生必学的108个心理学知识。
",书籍 出版 出版业 出版物 图书 心理学 文化 ,"芦淼 (作者), 青藤 (插图作者)",图书 > 心理学 > 心理学通俗读物,32,简体中文,9.7875E+12,中国青年,,,
《不完美者的幸福指南》,http:////www.baike.com//wiki//%E3%80%8A%E4%B8%8D%E5%AE%8C%E7%BE%8E%E8%80%85%E7%9A%84%E5%B9%B8%E7%A6%8F%E6%8C%87%E5%8D%97%E3%80%8B,"作者的重点是强调换一种眼光来看待生活，做到自知、自重，善待自己也善待他人，才能更好的学习爱，学习独立：它使我们找到真正的自我，成为有理解心的朋友和爱人，成为称职的父母。
",书籍 出版 出版业 出版物 图书 心理学 文化 ,颜俊,心理,32,中文,9.78731E+12,浙江大学出版社,,,
《不能只打一份工》,http:////www.baike.com//wiki//%E3%80%8A%E4%B8%8D%E8%83%BD%E5%8F%AA%E6%89%93%E4%B8%80%E4%BB%BD%E5%B7%A5%E3%80%8B,,书籍 出版 出版业 出版物 图书 心理学 心理学书籍 文化 ,玛希・埃尔博尔,心理学书籍,29.8元,汉语,9.78751E+12,华夏出版社,,,
《不要恐惧抑郁症》,http:////www.baike.com//wiki//%E3%80%8A%E4%B8%8D%E8%A6%81%E6%81%90%E6%83%A7%E6%8A%91%E9%83%81%E7%97%87%E3%80%8B,"《不要恐惧抑郁症》是德国心理学家乌尔苏拉・努贝尔著，由生活.读书.新知三联书店出版的哲学类图书。本书将使人了解更多有关抑郁症的知识，帮助人们把抑郁变成生活中的一次积极经历。
",书籍 出版 出版业 出版物 图书 心理学 文化 ,[德]乌尔苏拉・努贝尔（Ursula Nube,"
 ","
 ","
 ","
 ","
 ","
 ",,
《不露怯，举止的优雅》,http:////www.baike.com//wiki//%E3%80%8A%E4%B8%8D%E9%9C%B2%E6%80%AF%EF%BC%8C%E4%B8%BE%E6%AD%A2%E7%9A%84%E4%BC%98%E9%9B%85%E3%80%8B,"《不露怯，举止的优雅》日本井恒利英主编，绘本大师伊藤美树绘画，本书把日常生活的礼仪细节用图画的方式表达了出来，场面明快，礼仪知识丰富。
",书籍 出版 出版业 出版物 图书 心理学 文化 ,（日）井恒利,"
 ","
 ","
 ","
 ","
 ","
 ",,
《与狼共奔的女人》,http:////www.baike.com//wiki//%E3%80%8A%E4%B8%8E%E7%8B%BC%E5%85%B1%E5%A5%94%E7%9A%84%E5%A5%B3%E4%BA%BA%E3%80%8B,"《与狼共奔的女人》是克拉利萨?品卡罗?埃斯蒂斯创作的，严冬冬翻译的心理学图书，由吉林文史出版社于2011年6月30日出版。
",书籍 出版 出版业 出版物 图书 心理学 心理学书籍 文化 ,克拉利萨?品卡罗?埃斯蒂斯,心理学书籍,,,9.78755E+12,吉林文史出版社,,Women Who Run with the Wolves,
《中国人你为什么爱生气》,http:////www.baike.com//wiki//%E3%80%8A%E4%B8%AD%E5%9B%BD%E4%BA%BA%E4%BD%A0%E4%B8%BA%E4%BB%80%E4%B9%88%E7%88%B1%E7%94%9F%E6%B0%94%E3%80%8B,"本书通过生动的语言，分析了中国人为什么爱生气、为什么需要情绪管理，以及影响情绪的诸多因素。在仔细分析情绪产生的因素及表现状况后，针对不同类型的情绪进行相应解读，对症下药，给出了中国人管理自己情绪的方法。
",书籍 出版 出版业 出版物 图书 心理学 文化 ,曾仕强,成功,32,中文,9.78755E+12,广东省出版集团,,,
《中层沟通技巧》,http:////www.baike.com//wiki//%E3%80%8A%E4%B8%AD%E5%B1%82%E6%B2%9F%E9%80%9A%E6%8A%80%E5%B7%A7%E3%80%8B,"《中层沟通技巧》提供的全方位沟通技巧，既能让你与不同职位、不同性格的对象进行有效沟通，又能确保你沟通的高效、工作的高效，以及人生事业的高效。中层管理者是组织的中流砥柱，每天都不可避免地与""上下左右”沟通：既要准确理解上司传达的信息，有效地执行公司的决策和命令，又要与下属有效沟通，督促其完成工作；既要与其他部门的同事沟通协调、配合工作，又要与客户及时沟通，建立良好的业务关系。任何一个环节沟通不到位，都会阻碍工作的进展。掌握全方位沟通技巧成了中层管理者的必修课。
",书籍 出版 出版业 出版物 图书 心理学 文化 管理 ,,,36,简体中文,9.7873E+12,,,,
《乐观者的座右铭》,http:////www.baike.com//wiki//%E3%80%8A%E4%B9%90%E8%A7%82%E8%80%85%E7%9A%84%E5%BA%A7%E5%8F%B3%E9%93%AD%E3%80%8B,"《乐观者的座右铭》本书作者吴淡如和你分享生命中的阳光，温暖你的情绪，建设""心”的希望。
",书籍 作家 出版 出版业 出版物 图书 心理学 文化 , 著,心理学 生活书籍,12.00元,中文,9.78754E+12,,,,
《人之初，性本"色”》,http:////www.baike.com//wiki//%E3%80%8A%E4%BA%BA%E4%B9%8B%E5%88%9D%EF%BC%8C%E6%80%A7%E6%9C%AC%E2%80%9C%E8%89%B2%E2%80%9D%E3%80%8B,"《人之初，性本""色”》，乐嘉著，2010年8月中信出版社出版。本书拥有作者乐嘉""最喜爱的文字”，是他精选的性格色彩随笔，从武林到红楼，从情感到自白，从灵魂到真爱，信手拈来，在充满智慧和幽默的文字间，为大家拨云见日，开启一扇自知与知人的窗，走出一条自省和省人的路。
",图书 心理学 社会科学 ,,,26.00元,中文,9.78751E+12,中信出版社,,,
《人人都爱我丈夫》,http:////www.baike.com//wiki//%E3%80%8A%E4%BA%BA%E4%BA%BA%E9%83%BD%E7%88%B1%E6%88%91%E4%B8%88%E5%A4%AB%E3%80%8B,"《人人都爱我丈夫》由奕斐 著 。由北岳文艺出版社于 2009-4出版发行。这本书 ，以每个人身边都可能发生的故事，告诉女人，如何经营婚姻、把握爱情。这本书 ，以来自哈佛的心理咨询师的眼光，对婚前婚内感情生活进行全方位剖析。
",书籍 出版 出版业 出版物 图书 心理学 心理学书籍 文化 ,奕斐,心理学书籍,28.8,中文,9.78754E+12,北岳文艺出版社,,,
《人其实有两条命：梦到底预言什么》,http:////www.baike.com//wiki//%E3%80%8A%E4%BA%BA%E5%85%B6%E5%AE%9E%E6%9C%89%E4%B8%A4%E6%9D%A1%E5%91%BD%EF%BC%9A%E6%A2%A6%E5%88%B0%E5%BA%95%E9%A2%84%E8%A8%80%E4%BB%80%E4%B9%88%E3%80%8B,"现代医学证明，梦境不仅仅是心理活动的反映，同时是生理状态的反映。如有人心脏有毛病，或者腿部有毛病等系列生理病象，都会在梦里有相应的梦境提示。因此，任何与生理无关联的梦，都是不存在的，任何没有生理学作为基础的梦学研究，都是有极大缺陷的。那么，梦的生理学基础究竟在哪里呢？目前西医学还没有给梦的研究提供这样一个合理的生理学平台。本书作者从中国中医里通过严谨的科学论证，为梦找到一个合理且系统的解释。
",书籍 出版 出版业 出版物 哲学 图书 心理学 文化 社会科学 科学 自然科学 ,李卫东,,,中文,9.78755E+12,吉林出版集团有限责任公司,,,
《人本主义心理学》,http:////www.baike.com//wiki//%E3%80%8A%E4%BA%BA%E6%9C%AC%E4%B8%BB%E4%B9%89%E5%BF%83%E7%90%86%E5%AD%A6%E3%80%8B,"《人本主义心理学》是吉林大学社会心理学系教授、博士生导师车文博编著，由浙江教育出版社在2003年6月1日出版。本书涉及人格自我心理学、自我实现心理学、存在心理学等多个心理学领域。
",书籍 出版 出版业 出版物 哲学 图书 心理学 文化 , 著,生活 心理学 哲学 书籍,68.00元,中文,9.78753E+12,,,,
《人格心理学》,http:////www.baike.com//wiki//%E3%80%8A%E4%BA%BA%E6%A0%BC%E5%BF%83%E7%90%86%E5%AD%A6%E3%80%8B,"《人格心理学》全面介绍了一个多世纪以来关于人格研究的理论、主要围绕着精神分析理论、特质理论、生物学流派、行为主义、人本主义和认知理论等六种主要的人格理论流派展开论述，并加以客观、公允、生动的分析，同时对其它分支理论、学说和流派也都有所涉及。《人格心理学》不仅可作为高等院校教科书，也是心理学爱好者不可多得的好书。
",书籍 出版 出版业 出版物 图书 心理学 文化 美国 人格 精神 ,（美）柏格,,48.00元,汉语,9.7875E+12,中国轻工业出版社,,,
《人生中的取与舍智慧全集》,http:////www.baike.com//wiki//%E3%80%8A%E4%BA%BA%E7%94%9F%E4%B8%AD%E7%9A%84%E5%8F%96%E4%B8%8E%E8%88%8D%E6%99%BA%E6%85%A7%E5%85%A8%E9%9B%86%E3%80%8B,"《人生中的取与舍智慧全集》郭玮著心理学著作，论述了一旦掌握了取与舍的要领，你的事业会因有了勇敢的追求而变得绚丽多姿。
",书籍 出版 出版业 出版物 哲学 图书 心理学 文化 ,郭玮 著,生活 心理学 哲学 书籍,39.00元,中文,9.78751E+12,,,,
《人类与动物心理学论稿》,http:////www.baike.com//wiki//%E3%80%8A%E4%BA%BA%E7%B1%BB%E4%B8%8E%E5%8A%A8%E7%89%A9%E5%BF%83%E7%90%86%E5%AD%A6%E8%AE%BA%E7%A8%BF%E3%80%8B,"《人类与动物心理学论稿》一经刊行，嗣后便不断再版，每次再版均有修订，前后历经六次再版，以第二版的修订量最大，而且直到1920年冯特去世后还见重印发行。1912年，冯特的得意弟子、构造主义心理学的另一位代表人物E．B．铁钦纳（E.B．Titchener）等人以第二版为蓝本，将其译成英文予以出版。中译本便是以铁钦纳的这个英译本为依据的。
",书籍 出版 出版业 出版物 图书 心理学 文化 ,[,"
 ",,"
 ","
 ",,"
 ",,
《人间游戏》,http:////www.baike.com//wiki//%E3%80%8A%E4%BA%BA%E9%97%B4%E6%B8%B8%E6%88%8F%E3%80%8B,"《人间游戏》是沟通分析之父艾瑞克伯恩的经典著作，自1964年出版至今，已被译成十多种文字，畅销全球四十余年。
",1970年电影 书籍 出版 出版业 出版物 剧情片 喜剧片 图书 心理学 文化 爱情片 美国电影 英语电影 美国M级电影 美国剧情片 美国喜剧片 美国爱情片 ,艾瑞克・伯恩,心理学著作,,中文,,,,,
《从精神分析到存在分析：鲍斯研究》,http:////www.baike.com//wiki//%E3%80%8A%E4%BB%8E%E7%B2%BE%E7%A5%9E%E5%88%86%E6%9E%90%E5%88%B0%E5%AD%98%E5%9C%A8%E5%88%86%E6%9E%90%EF%BC%9A%E9%B2%8D%E6%96%AF%E7%A0%94%E7%A9%B6%E3%80%8B,"《从精神分析到存在分析：鲍斯研究》是孙平，郭本禹创作的心理学图书，由福建教育出版社于2011年5月出版。本书共包括十章内容，将精神分析学和存在主义哲学融会贯通起来，创立了自己极富有人性色彩的存在分析理论及其心理治疗实务。
",书籍 出版 出版业 出版物 图书 心理学 心理学书籍 文化 ,孙平、郭本禹,心理学书籍,55元,汉语,9.78753E+12,福建教育出版社,,,
《佛洛伊德的躺椅-七个经典案例的重新解读》,http:////www.baike.com//wiki//%E3%80%8A%E4%BD%9B%E6%B4%9B%E4%BC%8A%E5%BE%B7%E7%9A%84%E8%BA%BA%E6%A4%85-%E4%B8%83%E4%B8%AA%E7%BB%8F%E5%85%B8%E6%A1%88%E4%BE%8B%E7%9A%84%E9%87%8D%E6%96%B0%E8%A7%A3%E8%AF%BB%E3%80%8B,"《佛洛伊德的躺椅-七个经典案例的重新解读》是瑞典博士马西斯、塞奇奥迪创作的，史密斯、权大勇翻译的心理学图书，由上海社会科学院出版社有限公司于2011年8月出版。汇集了弗洛伊德20世纪初所做的七个经典精神分析案例。
",书籍 出版 出版业 出版物 图书 心理学 心理学书籍 文化 ,马西斯、塞奇奥迪,心理学书籍,39.8元,,9.78781E+12,上海社会科学院出版社有限公司,,,
《你一生的故事》,http:////www.baike.com//wiki//%E3%80%8A%E4%BD%A0%E4%B8%80%E7%94%9F%E7%9A%84%E6%95%85%E4%BA%8B%E3%80%8B,"《你一生的故事》（美）拉瑟斯著，讲述了发展心理学的研究领域。
",书籍 出版 出版业 出版物 图书 心理学 文化 ,（美）拉瑟斯 著,图书 心理学 心理学通俗读物,59.00元,中文,9.78711E+12,,,,
《你幸福了吗？》,http:////www.baike.com//wiki//%E3%80%8A%E4%BD%A0%E5%B9%B8%E7%A6%8F%E4%BA%86%E5%90%97%EF%BC%9F%E3%80%8B,"《你幸福了吗？》由叶舟所写，由台海出版社于 2011年9月出版发行。本书讲述了摆脱痛苦最有效的方法，迎你快速摆脱物欲之苦、人际之苦、肉体之苦、心灵之苦。教给你获得真正幸福的密码，让你的幸福最大化！融合了中西文化的精髓，形成了完备的幸福建设体系，既分析深刻，又通俗易懂。我们相信此书能帮助更多人摆脱痛苦，实现幸福人生！人生四苦：一是物欲之苦；二是人际之苦；三是肉体之苦；四是心灵之苦。
",书籍 出版 出版业 出版物 图书 心理学 心理学书籍 文化 ,叶舟,心理学,29.8元,中文,9.7878E+12,台海出版社,,,
《你活得累吗：度过困难时期的心理学》,http:////www.baike.com//wiki//%E3%80%8A%E4%BD%A0%E6%B4%BB%E5%BE%97%E7%B4%AF%E5%90%97%EF%BC%9A%E5%BA%A6%E8%BF%87%E5%9B%B0%E9%9A%BE%E6%97%B6%E6%9C%9F%E7%9A%84%E5%BF%83%E7%90%86%E5%AD%A6%E3%80%8B,"《你活得累吗：度过困难时期的心理学》的作者加藤谛三毕业于东京大学，历任东京大学、哈佛大学和早稻田大学教授。本书由北京大学出版社 于2011年07月出版发行，在国内上市销售。
",书籍 出版 出版业 出版物 图书 心理学 心理学书籍 文化 ,加藤谛三,心理学书籍,25,中文,9.7873E+12,北京大学出版社,,,
《你真得懂得爱吗？》,http:////www.baike.com//wiki//%E3%80%8A%E4%BD%A0%E7%9C%9F%E5%BE%97%E6%87%82%E5%BE%97%E7%88%B1%E5%90%97%EF%BC%9F%E3%80%8B,"本书作者从家庭、亲子、宗教、自我、友谊、爱情与婚姻、工作等全方位切入，直指爱的幻灭与真实，爱的困惑与突破，爱的想像与现实，爱的卑微与信心，爱的美丽与丑陋，爱的哀愁与喜乐；对于现代人渴望真爱的空虚心理，无异为一场空谷跫音。
",书籍 出版 出版业 出版物 图书 心理学 文化 ,约翰・布雷萧,心理学,,,7204043243,,,,
《你被压力压扁了吗？》,http:////www.baike.com//wiki//%E3%80%8A%E4%BD%A0%E8%A2%AB%E5%8E%8B%E5%8A%9B%E5%8E%8B%E6%89%81%E4%BA%86%E5%90%97%EF%BC%9F%E3%80%8B,"《你被压力压扁了吗？》是游伯龙编著的作品，由上海人民出版社在2004年2月1日出版。本书是台湾时报文化出版的成功励志类通俗心理学著作.作者任教于美国多所著名大学，结合脑神经科学、系统学和管理科学等知识创造出""习惯领域”学说，享誉国际。打破旧有习惯束缚，化解工作生活压力，通俗有趣的故事，自在喜悦的人生。
",书籍 出版 出版业 出版物 图书 心理学 文化 ,游伯龙,,￥19.80,中文,9.78721E+12,上海人民出版社,,,
《修炼心灵的力量》,http:////www.baike.com//wiki//%E3%80%8A%E4%BF%AE%E7%82%BC%E5%BF%83%E7%81%B5%E7%9A%84%E5%8A%9B%E9%87%8F%E3%80%8B,"《修炼心灵的力量》本书是一本激励你成功的书，这是一份给自己最好的礼物。
",书籍 出版 出版业 出版物 图书 心理学 文化 ,姚颖颖 著,图书 心理学 心理学通俗读物,26.00元,中文,9.7875E+12,,,,
《做个会说话会办事会做人的女人》,http:////www.baike.com//wiki//%E3%80%8A%E5%81%9A%E4%B8%AA%E4%BC%9A%E8%AF%B4%E8%AF%9D%E4%BC%9A%E5%8A%9E%E4%BA%8B%E4%BC%9A%E5%81%9A%E4%BA%BA%E7%9A%84%E5%A5%B3%E4%BA%BA%E3%80%8B,"《做个会说话会办事会做人的女人》是张志英编著的心理学书籍，由北京理工大学出版社出版。
",书籍 出版 出版业 出版物 图书 心理学 心理学书籍 文化 ,张志英,心理学书籍,29.8元,汉语,9.78756E+12,北京理工大学出版社,,,
《做人要做什么样的人》,http:////www.baike.com//wiki//%E3%80%8A%E5%81%9A%E4%BA%BA%E8%A6%81%E5%81%9A%E4%BB%80%E4%B9%88%E6%A0%B7%E7%9A%84%E4%BA%BA%E3%80%8B,"《做人要做什么样的人》李广昌著，本书通过人生旅途的模拟手段，以思想丛林漫步的方式完成了一系列关于人的意义问题的探讨。
",书籍 出版 出版业 出版物 图书 心理学 文化 ,李广昌 著,图书 心理学 哲学,25.00元,中文,9.78756E+12,辽宁大学出版社,,,
《做人要高调做事要谦恭》,http:////www.baike.com//wiki//%E3%80%8A%E5%81%9A%E4%BA%BA%E8%A6%81%E9%AB%98%E8%B0%83%E5%81%9A%E4%BA%8B%E8%A6%81%E8%B0%A6%E6%81%AD%E3%80%8B,"《做人要高调做事要谦恭》是张铁成编著的哲学类作品，由新世界出版社在2009年6月1日出版。本书的终极目标便在于教会你如何成为一个""高调做人，谦恭做事”的高手！
",书籍 出版 出版业 出版物 图书 心理学 文化 ,张铁成 著,心理学 哲学 书籍,39.00元,中文,9.78751E+12,,,,
《做最好的餐饮服务员》,http:////www.baike.com//wiki//%E3%80%8A%E5%81%9A%E6%9C%80%E5%A5%BD%E7%9A%84%E9%A4%90%E9%A5%AE%E6%9C%8D%E5%8A%A1%E5%91%98%E3%80%8B,"《做最好餐饮服务员》从现代饭店菜品销售中所见到的各种场景入手，针对这些问题设置了服务情景、服务技巧、错误应答、问题诊断、服务策略、语言模板等内容来层层解剖，内容通俗易懂，轻松教会服务人员在日常工作中应该怎么说、怎么做，就是让大家一看就知道如何运用，甚至碰到类似情景，只要套用书中语言模板所说的语言话术就可以，书中体现的价值就是""实操、实用、实战、实际”八个字，可操作性强，更具实用性，随时可在实际工作中灵活运用。
",书籍 出版 出版业 出版物 图书 心理学 文化 管理 ,易仲,,36,简体中文,,,,,
《做自己的冠军》,http:////www.baike.com//wiki//%E3%80%8A%E5%81%9A%E8%87%AA%E5%B7%B1%E7%9A%84%E5%86%A0%E5%86%9B%E3%80%8B,"《做自己的冠军》人最大的敌人往往是自己，超越自己才是真正的冠军。
",书籍 出版 出版业 出版物 图书 心理学 文化 ,李会诗 朱辉 编著,心理学 书籍,28.00元,中文,9.7878E+12,,,,
《健康人生之路――让生命之舟远航》,http:////www.baike.com//wiki//%E3%80%8A%E5%81%A5%E5%BA%B7%E4%BA%BA%E7%94%9F%E4%B9%8B%E8%B7%AF%E2%80%94%E2%80%94%E8%AE%A9%E7%94%9F%E5%91%BD%E4%B9%8B%E8%88%9F%E8%BF%9C%E8%88%AA%E3%80%8B,"《健康人生之路――让生命之舟远航》吕承忠主编，本书介绍了百姓常见病防治、健康养生、健康心理等医学心理常识。
",书籍 出版 出版业 出版物 医学 图书 心理学 文化 , 主编,图书 书籍 医学,25.00元,中文,9.7878E+12,军事医学科学出版社,,,
《健康型利己》,http:////www.baike.com//wiki//%E3%80%8A%E5%81%A5%E5%BA%B7%E5%9E%8B%E5%88%A9%E5%B7%B1%E3%80%8B,"《健康型利己》是美国博士瑞切尔?海勒、理查德?海勒创作的心理学图书，由金城出版社于2011年10月出版。本书是美国心理学会（APA）新世纪十大心理自助经典图书之一，由充满了挣扎、挑战和胜利的个人故事组成。
",书籍 出版 出版业 出版物 图书 心理学 心理学书籍 文化 ,瑞切尔?海勒、理查德?海勒,心理学书籍,32元,汉语,9.78752E+12,金城出版社,,,
《健康心理学》,http:////www.baike.com//wiki//%E3%80%8A%E5%81%A5%E5%BA%B7%E5%BF%83%E7%90%86%E5%AD%A6%E3%80%8B,"《健康心理学》作为一门学科形成于20世纪70年代后期，并首先受到预防医学界的重视。它旨在探究与理解身心之间的相互关系。健康心理学的中心任务是探讨有关躯体疾病的心理学问题，着力于人类健康的维护，而不是疾病的治疗。
",书籍 出版 出版业 出版物 图书 心理学 文化 术语 理论 社会科学 科学 ,简・奥格登,心理学,55,中文,9.78712E+12,人民邮电出版社,,,
《儿童发展心理学》,http:////www.baike.com//wiki//%E3%80%8A%E5%84%BF%E7%AB%A5%E5%8F%91%E5%B1%95%E5%BF%83%E7%90%86%E5%AD%A6%E3%80%8B,"《儿童发展心理学》是发展心理学的一个重要基础分支，也是高等院校中给学生开心理学课中一门主要的课。儿童发展心理学既是一门理论性的基础学科，同时也是具有实践性的应用学科，强调它的综合性特色。也就是说，教育心理学既要研究教育、教学情境中的基本规律、概括理论、原理为解决教育、教学中的问题提供理论依据；同时，也要关注教育教学情境中的具体问题，并为解决这些问题提供具体的原则、操作的模式、策略和方法。既要重视教育的基础理论研究，也要重视应用开发的研究。
",书籍 出版 出版业 出版物 图书 心理学 文化 术语 发展学 ,,心理学,36,汉语,9.7873E+12,清华大学出版社,,,
《儿童行为的塑造与矫正》,http:////www.baike.com//wiki//%E3%80%8A%E5%84%BF%E7%AB%A5%E8%A1%8C%E4%B8%BA%E7%9A%84%E5%A1%91%E9%80%A0%E4%B8%8E%E7%9F%AB%E6%AD%A3%E3%80%8B,"《儿童行为的塑造与矫正》本书引用大量有趣的心理学实验及家庭与学校教育中生动实例，来说明教育的正确或错误用法。
",书籍 出版 出版业 出版物 哲学 图书 心理学 文化 , 著,心理学 哲学 书籍,36.00元,中文,9.7873E+12,,,,
《养心学馆》,http:////www.baike.com//wiki//%E3%80%8A%E5%85%BB%E5%BF%83%E5%AD%A6%E9%A6%86%E3%80%8B,"中国青年出版社于2010年10月推出《养心学馆》系列丛书，该套丛书借由轻松简单的绘本图解来趣味演绎人生中种种发生在你身边的故事，深入浅出的讲解了心理学的专业知识。
",图书 心理学 ,,,,,,中国青年出版社,,,
《写给上班族的解忧心理学》,http:////www.baike.com//wiki//%E3%80%8A%E5%86%99%E7%BB%99%E4%B8%8A%E7%8F%AD%E6%97%8F%E7%9A%84%E8%A7%A3%E5%BF%A7%E5%BF%83%E7%90%86%E5%AD%A6%E3%80%8B,"《写给上班族的解忧心理学》是日本知名心理学家植木理惠创作的心理学图书，由印刷工业出版社于2011年9月出版。本书从耳目一新的角度，带给都市上班族职场解惑和情场解忧的简单答案。
",书籍 出版 出版业 出版物 图书 心理学 心理学书籍 文化 ,植木理惠,心理学书籍,28元,汉语,9.78751E+12,印刷工业出版社,,,
《分心也有好婚姻》,http:////www.baike.com//wiki//%E3%80%8A%E5%88%86%E5%BF%83%E4%B9%9F%E6%9C%89%E5%A5%BD%E5%A9%9A%E5%A7%BB%E3%80%8B,"《分心也有好婚姻》由爱德华・哈洛韦尔所著，陈楠编译。本书由山西教育出版社 于2011-6出版发行。主要讲述分心人士婚姻咨询领域的种种问题。
",书籍 出版 出版业 出版物 图书 心理学 心理学书籍 文化 ,爱德华・哈洛韦尔 休・哈洛韦尔,心理学书籍,32,中文,9.78754E+12,山西教育出版社,,,
《别以为你懂孩子的心》,http:////www.baike.com//wiki//%E3%80%8A%E5%88%AB%E4%BB%A5%E4%B8%BA%E4%BD%A0%E6%87%82%E5%AD%A9%E5%AD%90%E7%9A%84%E5%BF%83%E3%80%8B,"《别以为你懂孩子的心》一书，作者既从教育者的角度阐述了科学的教育观，又从妈妈的视角讲解该如何处理孩子在成长路上面临的种种问题。
",书籍 出版 出版业 出版物 图书 家庭教育 心理学 心理学书籍 文化 ,周令瑜,心理学书籍；家庭教育,￥29.80,中文,9.78754E+12,北方妇女儿童出版社,,,
《别做办公室最2的人》,http:////www.baike.com//wiki//%E3%80%8A%E5%88%AB%E5%81%9A%E5%8A%9E%E5%85%AC%E5%AE%A4%E6%9C%802%E7%9A%84%E4%BA%BA%E3%80%8B,"《别做办公室最2的人》是宋丽t、古佳慧创作的，由云南人民出版社于2011年4月出版。本书利用最逗趣幽默、犀利强悍的方式讲述了职场生存，讲述了问题时的处理方式和思维方式。
",书籍 出版 出版业 出版物 图书 心理学 文化 心理学图书 ,宋丽t、古佳慧,心理学书籍,28.8元,汉语,9.78722E+12,云南人民出版社,,,
《别对我说谎：FBI教你破解语言密码》,http:////www.baike.com//wiki//%E3%80%8A%E5%88%AB%E5%AF%B9%E6%88%91%E8%AF%B4%E8%B0%8E%EF%BC%9AFBI%E6%95%99%E4%BD%A0%E7%A0%B4%E8%A7%A3%E8%AF%AD%E8%A8%80%E5%AF%86%E7%A0%81%E3%80%8B,"别对我说谎：FBI教你破解语言密码 《别对我说谎：FBI教你破解语言密码》是一本有关人际沟通的书籍，作者是两位FBI的资深探员。他们根据自己数十年的犯罪调查和审讯的经验，同时融汇了他们对非言语沟通及心理学的研究成果，总结了25种FBI的约谈技巧，教你专业但并不艰涩的读人读心术。无论是约谈证人，还是进行商务谈判，或者推销产品，都能从书中获益。
",书籍 出版 出版业 出版物 图书 心理学 文化 ,（美）乔?纳瓦罗，约翰?谢弗尔,人际与社交,￥18.70（63折）,,,,,,
《剑桥家训全集》,http:////www.baike.com//wiki//%E3%80%8A%E5%89%91%E6%A1%A5%E5%AE%B6%E8%AE%AD%E5%85%A8%E9%9B%86%E3%80%8B,"《剑桥家训全集》，艾米莉，罗杰特著，本书通过一个个蕴含着智慧的家训故事，能在不知不觉中激励孩子奋发向上，促进孩子对生活进行思考。
",书籍 出版 出版业 出版物 图书 心理学 教育 文化 ,艾米莉，罗杰特 著,图书 家庭与育儿 家庭教育,39.80元,中文,9.78756E+12,,,,
《剖析恶魔》,http:////www.baike.com//wiki//%E3%80%8A%E5%89%96%E6%9E%90%E6%81%B6%E9%AD%94%E3%80%8B,"《剖析恶魔》是一本深入了解邪恶的一本书。当然，想要完全揭开邪恶的面具是不大可能一举成功的，但是我们还是可以尽量弄清楚在这个名词下面的一些具体所指，所以肯定还会有部分邪恶涵义无法得到完全的阐释，我们只能期望后人能够愚公移山般地继续攻克如坚固堡垒的邪恶这一概念。
",书籍 出版 出版业 出版物 图书 心理学 文化 ,（美国）迈克尔・赫・斯通 著 晏向阳 译,图书 > 法律 > 犯罪学,￥36.00,中文,9.78754E+12,江苏译林出版社,,,
《卡耐基推销口才》,http:////www.baike.com//wiki//%E3%80%8A%E5%8D%A1%E8%80%90%E5%9F%BA%E6%8E%A8%E9%94%80%E5%8F%A3%E6%89%8D%E3%80%8B,"《卡耐基推销口才》是刘祜编著的作品，由中国城市出版社在2008年1月1日出版。本书为旨在给从事推销工作的朋友有益的启迪，而且希望其他读者也能从中找到展现自我、推销自己才华的契机。
",书籍 出版 出版业 出版物 哲学 图书 心理学 文化 ,刘祜 编译, 心理学通俗读物,25.00元,,9.78751E+12,,,,
《压力管理心理学》,http:////www.baike.com//wiki//%E3%80%8A%E5%8E%8B%E5%8A%9B%E7%AE%A1%E7%90%86%E5%BF%83%E7%90%86%E5%AD%A6%E3%80%8B,"《压力管理心理学(第4版)》是美国著名压力管理专家沃特・谢弗尔多年潜心研究的权威之作，曾被誉为压力管理领域的""圣经”，无数人曾从中受益。译者：方双虎编者：许金声。
该书于2009年9月1日，由中国人民大学出版社出版。
",书籍 出版 出版业 出版物 图书 心理学 心理学书籍 文化 文学 管理心理学 ,沃特・谢弗尔,心理学3类,58元,中文,9.7873E+12,中国人民大学出版社,,Stress Management for Wellness 4th Eition,
《发现一个全新的自我》,http:////www.baike.com//wiki//%E3%80%8A%E5%8F%91%E7%8E%B0%E4%B8%80%E4%B8%AA%E5%85%A8%E6%96%B0%E7%9A%84%E8%87%AA%E6%88%91%E3%80%8B,"《发现一个全新的自我》罗亚杰著，本书滋养心灵，感悟人生，引导你如何发现自我，获得成功。
",书籍 出版 出版业 出版物 图书 心理学 文化 ,罗亚杰 著,生活 心理学 哲学 书籍,29.80元,中文,9.78751E+12,,,,
《可乐薯条心理学》,http:////www.baike.com//wiki//%E3%80%8A%E5%8F%AF%E4%B9%90%E8%96%AF%E6%9D%A1%E5%BF%83%E7%90%86%E5%AD%A6%E3%80%8B,"《可乐薯条心理学》是李成坤所著的心理学作品，北京工业大学出版社2010年出版。本书从分析心理入手，以生动的事例加以阐述，力求把每一个心理学常识变得生动有趣，以适宜广大读者。
",书籍 出版 出版业 出版物 图书 心理学 文化 , 著,图书 心理学 哲学,28.00元,中文,9.78756E+12,,,,
《唤醒心中的巨人》,http:////www.baike.com//wiki//%E3%80%8A%E5%94%A4%E9%86%92%E5%BF%83%E4%B8%AD%E7%9A%84%E5%B7%A8%E4%BA%BA%E3%80%8B,"安东尼・罗宾斯在本书中，提供了一个基础的循序渐进的课程，使你通过富于灵感和乐趣的轶事、例子和一步步扎实的策略，组成一个控制情绪和财政困难并获得巨人般灿烂生活的程序，用来帮助你发现你的真实目的，并控制你的生活，激发你控制命运的能力。
",书籍 出版 出版业 出版物 图书 心理学 文化 励志图书 ,(美)奥里森・斯韦特・马登著 刘津译,哲学、宗教,23,,7-80087-482-6,,,,
《唤醒敬畏：发生深刻转变的个人传奇》,http:////www.baike.com//wiki//%E3%80%8A%E5%94%A4%E9%86%92%E6%95%AC%E7%95%8F%EF%BC%9A%E5%8F%91%E7%94%9F%E6%B7%B1%E5%88%BB%E8%BD%AC%E5%8F%98%E7%9A%84%E4%B8%AA%E4%BA%BA%E4%BC%A0%E5%A5%87%E3%80%8B,"《唤醒敬畏：发生深刻转变的个人传奇》是科克・施奈德创作的，杨韶刚翻译的心理学书籍，由机械工业出版社于2011年10月出版。讲述艺术疗法及追求人生意义的生命体验。
",书籍 出版 出版业 出版物 图书 心理学 心理学书籍 文化 ,科克・施奈德,心理学书籍,25元,,9.78711E+12,机械工业出版社,,,
《回忆、梦、思考》,http:////www.baike.com//wiki//%E3%80%8A%E5%9B%9E%E5%BF%86%E3%80%81%E6%A2%A6%E3%80%81%E6%80%9D%E8%80%83%E3%80%8B,"《回忆、梦、思考》是（瑞士）荣格编著的心理学类作品，由上海三联书店在2009年9月1日出版。我的一生是一个潜意识自我充分发挥的故事。潜意识里的一切竭力做出种种的外在性表现，而人格也强烈要求逐渐从其潜意识状态中成长起来并作为一个整体来体验自身。我无法用科学的语言来追溯我自己的这一成长过程，因为我无法把自己作为一个科学问题来加以体验。
",书籍 出版 出版业 出版物 图书 心理学 心理学书籍 文化 ,（瑞士）荣格 著 刘国彬 译,生活 心理学 哲学 书籍,40.00元,中文,9.78754E+12,上海三联书店,,,
《囤积是种病：别让杂物堵住你的幸福》,http:////www.baike.com//wiki//%E3%80%8A%E5%9B%A4%E7%A7%AF%E6%98%AF%E7%A7%8D%E7%97%85%EF%BC%9A%E5%88%AB%E8%AE%A9%E6%9D%82%E7%89%A9%E5%A0%B5%E4%BD%8F%E4%BD%A0%E7%9A%84%E5%B9%B8%E7%A6%8F%E3%80%8B,"《囤积是种病：别让杂物堵住你的幸福》的两位作者经过20多年的研究．发现喜欢囤积物品实际上也是一种心理疾病。喜欢囤积物品的人通常在处理信息方面存在一定的障碍。
",书籍 出版 出版业 出版物 图书 心理学 文化 囤积 心理健康 ,（美）弗罗斯特，（美）斯泰吉蒂 著 李小平，靳婷婷 译,图书 > 心理学 > 心理健康,￥36.00,中文,9.78751E+12,,,,
《外语教学心理学》,http:////www.baike.com//wiki//%E3%80%8A%E5%A4%96%E8%AF%AD%E6%95%99%E5%AD%A6%E5%BF%83%E7%90%86%E5%AD%A6%E3%80%8B,"《外语教学心理学》外语教学心理学以教育心理学、学习心理学、心里语言学和试验心理学等方面的研究成果为基础，结合信息技术、传播理论的发展和外语教学的实际状况，探索外语教与学的客观规律，以期有助于外语教师和外语学习者提高教与学的效果。
",书籍 出版 出版业 出版物 图书 心理学 教育 文化 ,朱纯,教育,￥14,中文,9.78781E+12,上海外语教育出版社,,,
《大众心理健康门诊》,http:////www.baike.com//wiki//%E3%80%8A%E5%A4%A7%E4%BC%97%E5%BF%83%E7%90%86%E5%81%A5%E5%BA%B7%E9%97%A8%E8%AF%8A%E3%80%8B,"《大众心理健康门诊》范晓清编著，本书分为10章，从年龄、职业、事业、社交、婚姻、家庭、健康等多角度解析了易出现的心理问题及对治方法。
",书籍 健康 出版 出版业 出版物 图书 心理学 文化 ,范晓清 编著,图书 书籍 医学 护理学 健身与保健 心理健康,16.00元,中文,9.7878E+12,军事医学科学出版社,,,
《大忙人枕边书：压力缓解手册》,http:////www.baike.com//wiki//%E3%80%8A%E5%A4%A7%E5%BF%99%E4%BA%BA%E6%9E%95%E8%BE%B9%E4%B9%A6%EF%BC%9A%E5%8E%8B%E5%8A%9B%E7%BC%93%E8%A7%A3%E6%89%8B%E5%86%8C%E3%80%8B,"《大忙人枕边书：压力缓解手册》是由中国画报出版社出版发行的龙柒的书籍。
",书籍 出版 出版业 出版物 图书 心理学 文化 ,龙柒,分类号：B842.6-62,29.8,中文,978-7-80220-516-1,,,,
《女孩幸福要趁早》,http:////www.baike.com//wiki//%E3%80%8A%E5%A5%B3%E5%AD%A9%E5%B9%B8%E7%A6%8F%E8%A6%81%E8%B6%81%E6%97%A9%E3%80%8B,"《女孩幸福要趁早》是卫海霞编著的心理学书籍，由华夏出版社于2011年5月出版。本书从形象、心理、职业、人脉等各方面对20几岁女孩子的人生进行了详尽的分析。案例丰富，以具体事例阐明如何打造内外兼美的20几岁女孩。
",书籍 出版 出版业 出版物 图书 心理学 文化 心理学图书 ,卫海霞,心理学书籍,29.8元,汉语,9.78751E+12,华夏出版社,,,
《好习惯从小培养》,http:////www.baike.com//wiki//%E3%80%8A%E5%A5%BD%E4%B9%A0%E6%83%AF%E4%BB%8E%E5%B0%8F%E5%9F%B9%E5%85%BB%E3%80%8B,"《好习惯从小培养》是李少聪编著的心理学类作品，由第四军医大学出版社在2009年8月1日出版。本书通过具体事例深入浅出地告诉孩子如何养成独立自主、合作友善、诚实守信等好习惯。
",书籍 出版 出版业 出版物 图书 心理学 教育 文化 , 著,图书 心理学 心理学通俗读物,15.00元,中文,"9787810866767, 7810866761",第四军医大学出版社,,,
《好心太好前程：心态改变命运，看法决定活法》,http:////www.baike.com//wiki//%E3%80%8A%E5%A5%BD%E5%BF%83%E5%A4%AA%E5%A5%BD%E5%89%8D%E7%A8%8B%EF%BC%9A%E5%BF%83%E6%80%81%E6%94%B9%E5%8F%98%E5%91%BD%E8%BF%90%EF%BC%8C%E7%9C%8B%E6%B3%95%E5%86%B3%E5%AE%9A%E6%B4%BB%E6%B3%95%E3%80%8B,"《好心太好前程：心态改变命运，看法决定活法》牧彤著，本书通过生动实例，深入浅出的讲解，帮你塑造自己的成功者心态。
",书籍 出版 出版业 出版物 图书 心理学 文化 ,牧彤 著,图书 心理学 哲学 心理学通俗读物,29.80元,中文,9.7878E+12,,,,
《婚姻治疗的九个步骤：情绪取向的婚姻治疗》,http:////www.baike.com//wiki//%E3%80%8A%E5%A9%9A%E5%A7%BB%E6%B2%BB%E7%96%97%E7%9A%84%E4%B9%9D%E4%B8%AA%E6%AD%A5%E9%AA%A4%EF%BC%9A%E6%83%85%E7%BB%AA%E5%8F%96%E5%90%91%E7%9A%84%E5%A9%9A%E5%A7%BB%E6%B2%BB%E7%96%97%E3%80%8B,"《婚姻治疗的九个步骤：情绪取向的婚姻治疗》是加拿大治疗技术创立人Susan M. Johnson创作的，刘婷等翻译的心理学图书，由华东师范大学出版社于2011年1月出版。为心理咨询师提供在临床工作中运用EFT的步骤和技术。
",书籍 出版 出版业 出版物 图书 心理学 心理学书籍 文化 ,Susan M. Johnson,心理学书籍,29.8元,,9.78756E+12,华东师范大学出版社,,,
《婚恋要读心理学》,http:////www.baike.com//wiki//%E3%80%8A%E5%A9%9A%E6%81%8B%E8%A6%81%E8%AF%BB%E5%BF%83%E7%90%86%E5%AD%A6%E3%80%8B,"打开本书，心灵的改变就已经开始――在过去的2500年中，人类渴望揭开广大而幽眇的心理世界的面纱。在节奏越来越快的现代社会，人们越来越渴望认识最熟悉的陌生人――自己。人性恶?人性善?思想来自何方?人类拥有自由意识吗?凡此种种，都是人类希望了解的。何谓美?何谓丑?幸福来自何方?你我能够主宰自己的生活吗?所有的疑问，都困扰着现实中的人们。什么是强大?什么是弱小?力量来自何方?平凡的人可以改变自己的命运和生活吗?一切的一切，都可以在自己的内心找到答案。\n本套丛书是为非专业人士准备的心理学普及性系列读物，运用通俗、简练的语言，结合大量的实例，从如何理解人的心理入手，深入浅出地讲解了与个人健康、社会现象、组织运营、人际关系、自我情绪控制等相关的心理学知识，内容几乎涉及到了生活的所有层面，是一套难得的实用心理学好书。
",书籍 出版 出版业 出版物 图书 心理学 文化 婚恋类 谈恋爱必读 ,牧之 ，张震,婚姻心理学,25元左右,简体中文,"9787802282308, 7802282306",新世界出版社,,,
《学习环境的理论基础――21世纪人类学习的革命译丛》,http:////www.baike.com//wiki//%E3%80%8A%E5%AD%A6%E4%B9%A0%E7%8E%AF%E5%A2%83%E7%9A%84%E7%90%86%E8%AE%BA%E5%9F%BA%E7%A1%80%E2%80%94%E2%80%9421%E4%B8%96%E7%BA%AA%E4%BA%BA%E7%B1%BB%E5%AD%A6%E4%B9%A0%E7%9A%84%E9%9D%A9%E5%91%BD%E8%AF%91%E4%B8%9B%E3%80%8B,"过去的十年见证了人类有史以来学习理论发生的最本质的变化，人类已经进入创建学习科学的新纪元，一场彻底改变人类学习的理论与方式的革命已经兴起。
",书籍 出版 出版业 出版物 图书 心理学 文化 ,（美）戴维・H・乔纳森 等编，郑太年 等译,,￥25.00,中文,9.78756E+12,华东师范大学出版社,,,
《学会选择懂得放弃》,http:////www.baike.com//wiki//%E3%80%8A%E5%AD%A6%E4%BC%9A%E9%80%89%E6%8B%A9%E6%87%82%E5%BE%97%E6%94%BE%E5%BC%83%E3%80%8B,"《学会选择懂得放弃》，本书为读者走出迷茫，从容面对人生的每一次选择与放弃。
",书籍 作家 出版 出版业 出版物 图书 心理学 文化 文学 ,,文学 心理学,39.80元,中文,9.78754E+12,,,,
《完美的爱，不完美的关系》,http:////www.baike.com//wiki//%E3%80%8A%E5%AE%8C%E7%BE%8E%E7%9A%84%E7%88%B1%EF%BC%8C%E4%B8%8D%E5%AE%8C%E7%BE%8E%E7%9A%84%E5%85%B3%E7%B3%BB%E3%80%8B,"《完美的爱，不完美的关系》一书指导人们如何与内心的完美之爱建立联结，疗愈创伤、悦纳自己、温暖他人。
",中文书籍 书籍 出版 出版业 出版物 图书 心理学 文化 ,（美）威尔伍德　著，雷叔云　译,> 社会科学 > 心理学 >,28.00元,,9.78781E+12,深圳报业集团出版社,,Perfect love, imperfect relationships.
《实画实说：图画中的心理奥秘》,http:////www.baike.com//wiki//%E3%80%8A%E5%AE%9E%E7%94%BB%E5%AE%9E%E8%AF%B4%EF%BC%9A%E5%9B%BE%E7%94%BB%E4%B8%AD%E7%9A%84%E5%BF%83%E7%90%86%E5%A5%A5%E7%A7%98%E3%80%8B,"《实画实说：图画中的心理奥秘》是康耀南创作的心理学书籍，由世界图书出版公司于2011年10月出版。结合其他艺术治疗的程序方法，通过分析作品来了解他们的内心世界。
",书籍 出版 出版业 出版物 图书 心理学 心理学书籍 文化 ,康耀南,心理学书籍,36元,汉语,9.78751E+12,世界图书出版公司,,,
《审讯和供述心理学手册》,http:////www.baike.com//wiki//%E3%80%8A%E5%AE%A1%E8%AE%AF%E5%92%8C%E4%BE%9B%E8%BF%B0%E5%BF%83%E7%90%86%E5%AD%A6%E6%89%8B%E5%86%8C%E3%80%8B,"本书重点是心理学知识与原理在法庭审讯和供述中的应用，关注的主要问题是心理学技术能够在多大程度上帮助警察、心理学家和法律职业工作者对供述证据的收集和评估，进一步理解错误证词如何产生，怎样辨析令人误解的证言，从而能够鉴别信息的有效性。
",图书 心理学 社会科学 ,（英）古德琼森（Gubjonsson，G.H.）　著，乐国安，李安　等译,,,中文,,,,,
《客体关系心理治疗》,http:////www.baike.com//wiki//%E3%80%8A%E5%AE%A2%E4%BD%93%E5%85%B3%E7%B3%BB%E5%BF%83%E7%90%86%E6%B2%BB%E7%96%97%E3%80%8B,"《客体关系心理治疗》系统梳理客体关系理论，全面呈现其历史起源和发展现状。作者基于其大量临床实践，归纳出客体关系心理治疗四阶段，对不同取向的心理治疗师都具有实践指导价值。针对不同类型的个案，分别详述个案病理在人际关系中的表现、心理治疗师采取的不同干预手段。
",书籍 出版 出版业 出版物 图书 心理学 文化 社会科学 科学 ,（美）卡什丹 著 鲁小华 等 译,图书 > 心理学 > 心理过程与心理状态,￥32.00,中文,9.78751E+12,中国水利水电出版社,,,
《宽心的智慧》,http:////www.baike.com//wiki//%E3%80%8A%E5%AE%BD%E5%BF%83%E7%9A%84%E6%99%BA%E6%85%A7%E3%80%8B,"《宽心的智慧》帮助读者学会拓宽自己心的疆域，掌握宽心的力量。认清自己，逐渐成熟。拥有无限的力量，在人生路上勇往直前，走向成功，走向幸福生活。
",书籍 作家 出版 出版业 出版物 图书 心理学 文化 文学 ,一尘 著,励志 成功学,28.00元,中文,9787802235779 [十位:7802235774],,,,
《左手心眼右手手腕》,http:////www.baike.com//wiki//%E3%80%8A%E5%B7%A6%E6%89%8B%E5%BF%83%E7%9C%BC%E5%8F%B3%E6%89%8B%E6%89%8B%E8%85%95%E3%80%8B,"《左手心眼右手手腕》由张笑恒著2010年北京工业大学出版，主要讲述心眼是做人的智慧，手腕是成事的韬略。在当今社会的一种处事哲学。
",书籍 出版 出版业 出版物 图书 心理学 文化 大众心理学 ,张笑恒,心理学,13.1元,中国,9.78756E+12,北京工业大学出版社,,,
《差异的爱情才保鲜》,http:////www.baike.com//wiki//%E3%80%8A%E5%B7%AE%E5%BC%82%E7%9A%84%E7%88%B1%E6%83%85%E6%89%8D%E4%BF%9D%E9%B2%9C%E3%80%8B,"《差异的爱情才保鲜》是夏景创作的心理学图书，由重庆出版社于2011年6月出版。
",书籍 出版 出版业 出版物 图书 心理学 文化 心理学图书 ,夏景,心理学书籍,26.8元,汉语,9.78723E+12,重庆出版社,,,
《平常心禅与精神分析》,http:////www.baike.com//wiki//%E3%80%8A%E5%B9%B3%E5%B8%B8%E5%BF%83%E7%A6%85%E4%B8%8E%E7%B2%BE%E7%A5%9E%E5%88%86%E6%9E%90%E3%80%8B,"《平常心禅与精神分析》是美国心理治疗师马吉德创作的，吴燕霞、曹凌云翻译的心理学图书，由东方出版中心于2011年5月出版。本书以优美、灵动的语言为我们阐释了""一味”、 ""空性”、 ""开悟”等一系列佛教术语深奥精微的义理及其意义。
",书籍 出版 出版业 出版物 图书 心理学 文化 心理学图书 ,马吉德,心理学书籍,28元,,9.78755E+12,东方出版中心,,,
《幸福女人要读的婚姻心理学》,http:////www.baike.com//wiki//%E3%80%8A%E5%B9%B8%E7%A6%8F%E5%A5%B3%E4%BA%BA%E8%A6%81%E8%AF%BB%E7%9A%84%E5%A9%9A%E5%A7%BB%E5%BF%83%E7%90%86%E5%AD%A6%E3%80%8B,"本书结合心理学的一些原理，告诉你如何经营幸福的婚姻。
",书籍 出版 出版业 出版物 图书 心理学 文化 ,史荣新,心理学,24.8,中文,9.7875E+12,石油工业出版社,,,
《广东心理学研究》,http:////www.baike.com//wiki//%E3%80%8A%E5%B9%BF%E4%B8%9C%E5%BF%83%E7%90%86%E5%AD%A6%E7%A0%94%E7%A9%B6%E3%80%8B,"出版时间： 1996-12 装订：平装
",书籍 心理学 ,,,,,,,,,
《弗洛伊德和马克思》,http:////www.baike.com//wiki//%E3%80%8A%E5%BC%97%E6%B4%9B%E4%BC%8A%E5%BE%B7%E5%92%8C%E9%A9%AC%E5%85%8B%E6%80%9D%E3%80%8B,"《弗洛伊德和马克思》著名文学翻译家董秋斯著，2004年3月1日由中国人民大学出版社发行。本书尝试说明人的主观生活与经济过程的客观世界这两者之间的关系。
",书籍 出版 出版业 出版物 哲学 图书 心理学 文化 ,（, 译,生活 心理学 哲学 书籍,140000字,中文,9.7873E+12,154页,,
《弗洛伊德文集》,http:////www.baike.com//wiki//%E3%80%8A%E5%BC%97%E6%B4%9B%E4%BC%8A%E5%BE%B7%E6%96%87%E9%9B%86%E3%80%8B,"《弗洛伊德文集》奥地利精神病医生及精神分析学家、精神分析学派的创始人弗洛伊德著，本套文集内容包括他的《日常生活心理病理学》、《诙谐及其与潜意识的关系》等八卷著作。
",书籍 出版 出版业 出版物 图书 心理学 文化 ,（奥地利）西格蒙德・弗洛,"
 ","
 ","
 ","
 ","
 ","
 ",,
《弗洛伊德的心理哲学》,http:////www.baike.com//wiki//%E3%80%8A%E5%BC%97%E6%B4%9B%E4%BC%8A%E5%BE%B7%E7%9A%84%E5%BF%83%E7%90%86%E5%93%B2%E5%AD%A6%E3%80%8B,"《弗洛伊德的心理哲学》是由九洲图书出版社出版的书籍。是弗洛伊德原著代表作的精选译本，有杨韶刚等编译。
",书籍 出版 出版业 出版物 图书 心理学 文化 ,,"
 ","
 ","
 ","
 ","
 ","
 ",,
《微反应》,http:////www.baike.com//wiki//%E3%80%8A%E5%BE%AE%E5%8F%8D%E5%BA%94%E3%80%8B,"《微反应》是人类作为一种生物，经过长期进化而遗传、继承下来的，是人类实现生存和繁衍的本能反应。除了微反应的动作之外，微表情和微语义也是我们研究的重点。微反应主要讲的是细微的身体小动作，微表情主要针对脸部的细微表情变化，微语义则是探寻只言片语后的真实意思。
",书籍 出版 出版业 出版物 图书 心理学 文化 ,姜振宇,心理学,26.0元,汉语,9.78755E+12,凤凰传媒出版集团，凤凰出版社,,,
《微精神分析》,http:////www.baike.com//wiki//%E3%80%8A%E5%BE%AE%E7%B2%BE%E7%A5%9E%E5%88%86%E6%9E%90%E3%80%8B,"《微精神分析》是瑞士皮埃尔・柯多尼主编的，张宇凌翻译的心理学图书，由商务印书馆于2011年4月出版。
",书籍 出版 出版业 出版物 图书 心理学 心理学书籍 文化 ,皮埃尔・柯多尼,心理学书籍,18元,,9.7871E+12,商务印书馆,,,
《心灵花园：24个情感拯救计划》,http:////www.baike.com//wiki//%E3%80%8A%E5%BF%83%E7%81%B5%E8%8A%B1%E5%9B%AD%EF%BC%9A24%E4%B8%AA%E6%83%85%E6%84%9F%E6%8B%AF%E6%95%91%E8%AE%A1%E5%88%92%E3%80%8B,"本书收集了《心灵花园》的精华，以引人入胜的情感故事，探讨都市人的心理、情感问题。
",书籍 出版 出版业 出版物 图书 心理学 文化 ,李勇，苏晓,,￥20.00,中文,9.78781E+12,学林出版社,,,
《心理危机》,http:////www.baike.com//wiki//%E3%80%8A%E5%BF%83%E7%90%86%E5%8D%B1%E6%9C%BA%E3%80%8B,"《心理危机》由青年学者石勇所著，本书解读了心理生存驱动人在这个世界上获取心理优势。心理竞争就是人与人之间的心理较量，目的是决出心理上的胜负。
",书籍 出版 出版业 出版物 图书 心理学 文化 保健 ,石勇,心理健康,￥19.00,,9.78731E+12,,,,
《心理和脑与生活》,http:////www.baike.com//wiki//%E3%80%8A%E5%BF%83%E7%90%86%E5%92%8C%E8%84%91%E4%B8%8E%E7%94%9F%E6%B4%BB%E3%80%8B,"《心理和脑与生活》适合喜爱心理科学、脑科学、计算机科学以及科学知识的人士阅读，也可作为心理学课程和心理学人门教材。 本书将帮助读者把平凡的生活变得更加有条理，把困难到几乎不可能的事情变成奇迹。此外，它还将帮助读者捕捉来去无定的灵感，使你在工作学习中不断创新；它将提供给读者保养大脑的秘诀，帮助你取得出乎意料的成绩。全书含75个你需要的Hacks。
",书籍 出版 出版业 出版物 哲学 图书 心理学 文化 ,作者：(美)Ron Hale-Evans|译者:宫宇轩、刘兰,哲学,￥48.00,汉语,9.78703E+12,,,,
《心理咨询与治疗实务》,http:////www.baike.com//wiki//%E3%80%8A%E5%BF%83%E7%90%86%E5%92%A8%E8%AF%A2%E4%B8%8E%E6%B2%BB%E7%96%97%E5%AE%9E%E5%8A%A1%E3%80%8B,"《心理咨询与治疗实务》是林家兴、王丽文、武国城创作的心理学图书，由化学工业出版社于2009年7月出版。本书共分为十五章，前十章依照咨询治疗历程，说明心理咨询治疗的基本架构，后五章则探讨与心理咨询治疗密切相关的议题。
",书籍 出版 出版业 出版物 图书 心理学 心理学书籍 文化 ,林家兴 王丽文 武国城,心理学书籍,45元,汉语,9.78712E+12,化学工业出版社,,,
《心理咨询师的工具箱(如何创建自己的心理咨询中心)》,http:////www.baike.com//wiki//%E3%80%8A%E5%BF%83%E7%90%86%E5%92%A8%E8%AF%A2%E5%B8%88%E7%9A%84%E5%B7%A5%E5%85%B7%E7%AE%B1%28%E5%A6%82%E4%BD%95%E5%88%9B%E5%BB%BA%E8%87%AA%E5%B7%B1%E7%9A%84%E5%BF%83%E7%90%86%E5%92%A8%E8%AF%A2%E4%B8%AD%E5%BF%83%29%E3%80%8B,"《心理咨询师的工具箱》(如何创建自己的心理咨询中心)将分享国内著名心理咨询中心的动作经验，将会告诉你心理咨询师的现状与发展，心理咨询的各方面的知识，让你自信地应对各种风险和挑战。
",书籍 出版 出版业 出版物 医学 图书 应用科学 心理学 文化 科学 经验 ,王怀齐 著,图书 > 心理学 > 应用心理学,￥15.00,中文,9.78781E+12,,,,
《心理学》,http:////www.baike.com//wiki//%E3%80%8A%E5%BF%83%E7%90%86%E5%AD%A6%E3%80%8B,"《心理学》(英文名称Psychology)是研究人和动物心理现象发生、发展和活动规律的一门科学。心理学既研究动物的心理（研究动物心理主要是为了深层次地了解、预测人的心理的发生、发展的规律）也研究人的心理，而以人的心理现象为主要研究对象。因此总而言之，心理学是研究心理现象和心理规律的一门科学。
",中文书籍 书籍 出版 出版业 出版物 图书 心理学 文化 ,,学术,,中文,,,,,
《心理学与生活（中文版）》,http:////www.baike.com//wiki//%E3%80%8A%E5%BF%83%E7%90%86%E5%AD%A6%E4%B8%8E%E7%94%9F%E6%B4%BB%EF%BC%88%E4%B8%AD%E6%96%87%E7%89%88%EF%BC%89%E3%80%8B,"这是一本优秀的、经典的心理学教科书，不仅在美国，在全世界许多国家的心理学界都有着极高的知名度，是心理学基础教材中第一品牌书、被美国ETS推荐为GRE心理学专项考试的主要参考用书。是美国斯坦福大学多年来使用的教材，也是在美国许多大学里的""普通心理学”（General Psychology）课程选用的经典教材。
",书籍 出版 出版业 出版物 图书 心理学 文化 ,（美）理查德・格里格 ，菲利普・津巴多 著 王垒 等 译,图书 > 心理学 > 应用心理学,￥88.00,中文,9.78712E+12,人民邮电出版社,,,
《心理学的新道路：马斯洛和后弗洛伊德主义》,http:////www.baike.com//wiki//%E3%80%8A%E5%BF%83%E7%90%86%E5%AD%A6%E7%9A%84%E6%96%B0%E9%81%93%E8%B7%AF%EF%BC%9A%E9%A9%AC%E6%96%AF%E6%B4%9B%E5%92%8C%E5%90%8E%E5%BC%97%E6%B4%9B%E4%BC%8A%E5%BE%B7%E4%B8%BB%E4%B9%89%E3%80%8B,"《心理学的新道路：马斯洛和后弗洛伊德主义》英国著名作家柯林・威尔森著，本书论述了马斯洛和后弗洛伊德主义的哲学关联。
",书籍 出版 出版业 出版物 哲学 图书 心理学 文化 哲学书籍 ,[英]柯林・威尔森 著 杜新宇 译,生活 心理学 哲学 书籍,18.80元,中文,9.78751E+12,,,,
《心理学研究方法》,http:////www.baike.com//wiki//%E3%80%8A%E5%BF%83%E7%90%86%E5%AD%A6%E7%A0%94%E7%A9%B6%E6%96%B9%E6%B3%95%E3%80%8B,"约翰・肖内西等人编撰的《心理学研究方法》具有众多的特色第一，这本书已经出到第七版，从内容安排到文字表达都比较成熟，事例丰富。通俗易懂。第二，与一些《实验心理学》教材相比，这本书更注重介绍实际研究中的思路、方法和过程，而不是具体的研究内容（如记忆，语言等）。
",书籍 出版 出版业 出版物 图书 心理学 心理学书籍 文化 ,约翰・肖内西(John J.Shaughnessy) 等,图书 > 心理学 > 心理学研究方法,￥68.00,中文,9.78712E+12,,,Research Methods in Psychology,
《心理操纵术大全集（超值白金版）》,http:////www.baike.com//wiki//%E3%80%8A%E5%BF%83%E7%90%86%E6%93%8D%E7%BA%B5%E6%9C%AF%E5%A4%A7%E5%85%A8%E9%9B%86%EF%BC%88%E8%B6%85%E5%80%BC%E7%99%BD%E9%87%91%E7%89%88%EF%BC%89%E3%80%8B,"每一个人都离不开与他人的交往。但是，为什么有些人在人际交往中会如鱼得水、左右逢源：而有些人却举步维艰、进退维谷呢？学点心理学，读懂人心和人性，运用心理操纵术处理人际交往中的种种问题，就能变难为易，成为赢得人心的社交高手。 
《心理操纵术大全集（超值白金版）》是一本通俗易懂的大众心理读物，引用了大量鲜活、真实的案例，并引证了众多心理实验和心理专业术语，集可读性、实用性与科学性为一体，全面介绍了适用于职场、商场和家庭中的心理技巧和方法。
",书籍 出版 出版业 出版物 图书 心理学 文化 ,蒋先润，邱丽丽,心理学,￥17.90,,9.78721E+12,江西人民出版社,,,
《心理治疗与咨询的理论及案例》,http:////www.baike.com//wiki//%E3%80%8A%E5%BF%83%E7%90%86%E6%B2%BB%E7%96%97%E4%B8%8E%E5%92%A8%E8%AF%A2%E7%9A%84%E7%90%86%E8%AE%BA%E5%8F%8A%E6%A1%88%E4%BE%8B%E3%80%8B,"精宰分析：驱力、自我、客体关系和自我心理学，荣格的分析和治疗，阿德勒的治疗与咨询，存在主义疗法，以人为中心疗法，格式塔疗法，行为治疗，合理情绪行为治疗，认知治疗，现实疗法，女性主义治疗及系统家庭治疗。
",书籍 出版 出版业 出版物 图书 心理学 文化 ,(美国, 等译,,理论专著 心理学,中文,750192835,32开　,,
《心理治疗个案研究》,http:////www.baike.com//wiki//%E3%80%8A%E5%BF%83%E7%90%86%E6%B2%BB%E7%96%97%E4%B8%AA%E6%A1%88%E7%A0%94%E7%A9%B6%E3%80%8B,"《心理治疗个案研究》提出了一些远远超过心理治疗所能解释得通的问题。病例中的某些关注和个性特征暗示地向人文人类学、社会心理学、圣经、教育心理学、发展心理学以及认知科学提出了问题。
",书籍 出版 出版业 出版物 图书 心理学 文化 研究 社会科学 科学 ,（美）威丁，（美）科西尼 著 王旭梅 等 译,图书 > 心理学 > 应用心理学,￥22.00,中文,9.7875E+12,,,,
《心理调节术》,http:////www.baike.com//wiki//%E3%80%8A%E5%BF%83%E7%90%86%E8%B0%83%E8%8A%82%E6%9C%AF%E3%80%8B,"《心理调节术》是为处于竞争激烈、纷繁复杂的社会环境中的你量身打造的。你可以通过《心理调节术》中大量的事例了解到心理调节的策略，学会如何洞察人类的心理规律。运用这些策略，你可以成为心理的强者、生活的智者、社会的精英。一切成功都从内心开始，外在世界的成就不过是内心世界成就的倒影。只有心理上变得强大起来，你才能战胜他人的干扰，在外在的世界中收获成功。在《心理调节术》中，你还可以了解到如何提高自己的记忆力、如何养成自动成功的习惯、如何化缺点为优点、如何控制自己的情绪、如何正确地做出决策、如何让大脑开窍、如何增加自己的人格魅力等等，这一切都是你迈向成功事业的基石。
",书籍 出版 出版业 出版物 图书 心理学 文化 ,（美）韦伯，（美）摩根 著 周国柱，曾慧玉 译,心理学,,,,中央编译出版社,,,
《心路屐痕》,http:////www.baike.com//wiki//%E3%80%8A%E5%BF%83%E8%B7%AF%E5%B1%90%E7%97%95%E3%80%8B,"郭丽主编的《心路屐痕》讲述了健康的心理对一个人的发展的重要性。收录了大学生恋爱方面的心理咨询个案。
",书籍 出版 出版业 出版物 图书 心理学 文化 ,郭丽,心理咨询,10元,,5623-1338-5,华南理工大学出版社,,,
《怎样看清和影响你身边的人》,http:////www.baike.com//wiki//%E3%80%8A%E6%80%8E%E6%A0%B7%E7%9C%8B%E6%B8%85%E5%92%8C%E5%BD%B1%E5%93%8D%E4%BD%A0%E8%BA%AB%E8%BE%B9%E7%9A%84%E4%BA%BA%E3%80%8B,"《怎样看清和影响你身边的人》张笑恒著，通过本书，读者可以懂得如何建立威信、施与影响力，进而与你周围的入和谐共处。看人、识人、用人，人与人相处无法回避的三大主题。
",书籍 出版 出版业 出版物 图书 心理学 文化 , 著,图书 心理学 哲学 心理学通俗读物,29.80元,中文,9.7878E+12,中国华侨出版社,,,
《思维导图》,http:////www.baike.com//wiki//%E3%80%8A%E6%80%9D%E7%BB%B4%E5%AF%BC%E5%9B%BE%E3%80%8B,"《思维导图》是一本在全球销量达千万册的畅销书。
",书籍 出版 出版业 出版物 图书 心理学 文化 书箱 ,东尼・博赞,,27元,简体中文,9.78751E+12,中信出版社,,,
《性格决定幸福》,http:////www.baike.com//wiki//%E3%80%8A%E6%80%A7%E6%A0%BC%E5%86%B3%E5%AE%9A%E5%B9%B8%E7%A6%8F%E3%80%8B,"《性格决定幸福》本书收入吴淡如的80篇随笔，文字清新淡雅、立意深刻高远。
",书籍 作家 出版 出版业 出版物 图书 心理学 文化 , 著,心理学 生活,20.00元,中文,9.78754E+12,２１世纪出版社,,,
《性革命的失败》,http:////www.baike.com//wiki//%E3%80%8A%E6%80%A7%E9%9D%A9%E5%91%BD%E7%9A%84%E5%A4%B1%E8%B4%A5%E3%80%8B,"《性革命的失败》被视为心理学领域的经典之作，由精神分析师乔治・弗兰克尔所著。
",书籍 出版 出版业 出版物 图书 心理学 文化 社会科学 ,（英）弗兰克尔 著，宏梅 译,社会科学,￥26.00,,9.7878E+12,国际文化出版公司,,,
《怪咖心理学》,http:////www.baike.com//wiki//%E3%80%8A%E6%80%AA%E5%92%96%E5%BF%83%E7%90%86%E5%AD%A6%E3%80%8B,"""Quirkology”是由怀斯曼教授创造的关于古怪的心理学研究的术语，这类研究多使用主流方法来考察不同寻常的话题，或者用不寻常的方法来研究主流话题。怀斯曼教授说，尽管这个词是他创的，但维多利亚时代的科学家弗朗西斯・高尔顿（Sir Francis Galton ）才是Quirkology之父。
",书籍 心理学 ,,,,,,,,,
《怪诞心理学》,http:////www.baike.com//wiki//%E3%80%8A%E6%80%AA%E8%AF%9E%E5%BF%83%E7%90%86%E5%AD%A6%E3%80%8B,"本书是作者和诸多卓越心理学家研究成果的结晶。它为读者打开了一扇重新认识自己和他人的窗户，书中的实验让我们意识到：其实人类的行为并不像我们想象的那么难以预测。
",书籍 书籍类型 出版 出版业 出版物 图书 心理学 文化 日常现象 科学结论 ,（英）怀斯曼著，路本福译,社会科学 心理学,25.00元,中文,9.78753E+12,天津教育出版社,,,
《恋爱必懂的100个心理学效应》,http:////www.baike.com//wiki//%E3%80%8A%E6%81%8B%E7%88%B1%E5%BF%85%E6%87%82%E7%9A%84100%E4%B8%AA%E5%BF%83%E7%90%86%E5%AD%A6%E6%95%88%E5%BA%94%E3%80%8B,"《恋爱必懂的100个心理学效应》的作者是北京大学教学医院院长，心理学教授，心理治疗科主任医师杨甫德。本书由中国水利水电出版社 于2011-10出版发行。本书精选了最有营养的100个恋爱心理学效应滋养你的心灵。
",书籍 出版 出版业 出版物 图书 心理学 心理学书籍 文化 ,杨甫德,,28.80元,,9.78751E+12,中国水利水电出版社,,,
《情商决定人生》,http:////www.baike.com//wiki//%E3%80%8A%E6%83%85%E5%95%86%E5%86%B3%E5%AE%9A%E4%BA%BA%E7%94%9F%E3%80%8B,"《情商决定人生》田超颖著，情商与人的生活各方面息息相关，是影响人一生快乐、成功与否的关键。
",书籍 出版 出版业 出版物 图书 心理学 文化 ,田超颖 著,生活 心理学 哲学 书籍,29.80元,中文,9.78751E+12,朝华出版社,,,
《情商泛舟》,http:////www.baike.com//wiki//%E3%80%8A%E6%83%85%E5%95%86%E6%B3%9B%E8%88%9F%E3%80%8B,"《情商泛舟》李一鸣、张玉龙、王景艳、王明旭编著，由军事医学科学出版社于2007年3月1日出版。本书介绍了情商教育在国内外的发展现状，侧重描述中国情商教育的引入和发展及其在大学生成才过程中的重要作用。
",书籍 出版 出版业 出版物 图书 心理学 教育 文化 ,李一鸣 张玉龙 王景艳 王明旭 编著,图书 书籍 心理学,11.00元,中文,9.7878E+12,军事医学科学出版社,,,
《情绪密码》,http:////www.baike.com//wiki//%E3%80%8A%E6%83%85%E7%BB%AA%E5%AF%86%E7%A0%81%E3%80%8B,"网络上又一部热销书，从社会映射出个人的生活，在独自的生活中体现出复杂又矛盾的世界。解读人性，有益生活。钱诗金，网络写手，撰稿人，作家。
",书籍 传媒 出版 出版业 出版物 医学 图书 学术 心理学 散文 文化 文学 艺术 ,钱诗金,散文//普通心理学,25元,中文,9.78751E+12,中国城市出版社,,,
《意象对话心理治疗》,http:////www.baike.com//wiki//%E3%80%8A%E6%84%8F%E8%B1%A1%E5%AF%B9%E8%AF%9D%E5%BF%83%E7%90%86%E6%B2%BB%E7%96%97%E3%80%8B,"本书是对意象对话心理治疗的一个阶段性总结，我相信我已经有所得，这本书中，有一些在心理学领域创新的思想和方法。意象对话的实践，不仅仅是我自己的，也包括其他许多心理咨询者的实践，都表明了意象对话的实际效果也是非常好的。
",书籍 健康 出版 出版业 出版物 图书 心理学 文化 生活 ,朱建军 著,图书 > 心理学 > 心理健康,￥24.50,中文,9.78781E+12,北京医科大学出版社,,,
《懂心理的女人最幸福》,http:////www.baike.com//wiki//%E3%80%8A%E6%87%82%E5%BF%83%E7%90%86%E7%9A%84%E5%A5%B3%E4%BA%BA%E6%9C%80%E5%B9%B8%E7%A6%8F%E3%80%8B,"《懂心理的女人最幸福》笛子著，本书将帮助你走出迷茫，走出困境，走向你渴望的绚丽舞台。
",书籍 出版 出版业 出版物 图书 心理学 文化 , 著,图书 心理学 心理学通俗读物,28.80元,中文,9.7875E+12,,,,
《成功女人的12条修炼法则》,http:////www.baike.com//wiki//%E3%80%8A%E6%88%90%E5%8A%9F%E5%A5%B3%E4%BA%BA%E7%9A%8412%E6%9D%A1%E4%BF%AE%E7%82%BC%E6%B3%95%E5%88%99%E3%80%8B,"《成功女人的12条修炼法则》颜妮著，书中的12条法则教你的就是如何内外兼修成为一个成功的女人。
",书籍 出版 出版业 出版物 图书 心理学 文化 ,颜妮 著,生活 心理学 哲学 书籍,,中文,9.78751E+12,新世界出版社,,,
《成长心灵鸡汤：永不言败的100个励志故事》,http:////www.baike.com//wiki//%E3%80%8A%E6%88%90%E9%95%BF%E5%BF%83%E7%81%B5%E9%B8%A1%E6%B1%A4%EF%BC%9A%E6%B0%B8%E4%B8%8D%E8%A8%80%E8%B4%A5%E7%9A%84100%E4%B8%AA%E5%8A%B1%E5%BF%97%E6%95%85%E4%BA%8B%E3%80%8B,"《成长心灵鸡汤：永不言败的100个励志故事》，谷心靖编著，本书用故事为你营造一个真、善、美的世界，让意味隽永的故事陪你度过单纯的时光，让充满哲理的话语为你塑造良好的品格。
",书籍 出版 出版业 出版物 图书 心理学 文化 ,谷心靖 编著,图书 书籍 心理学,15.90元,中文,9.78756E+12,,,,
《我们的草样年华》,http:////www.baike.com//wiki//%E3%80%8A%E6%88%91%E4%BB%AC%E7%9A%84%E8%8D%89%E6%A0%B7%E5%B9%B4%E5%8D%8E%E3%80%8B,"《我们的草样年华》是Jack Canfield""心灵鸡汤系列丛书”之一。本书由 邢爽编译，由湖南文艺出版社于 2011年11月1日出版发行。
",书籍 出版 出版业 出版物 图书 心理学 心理学书籍 文化 心理学自助 ,"Jack Canfield , Mark Victor Hansen , Amy New",心理学书籍,,中文,"7540451173, 9787540451172",湖南文艺出版社,,,
《我即我脑》,http:////www.baike.com//wiki//%E3%80%8A%E6%88%91%E5%8D%B3%E6%88%91%E8%84%91%E3%80%8B,"《我即我脑》是世界脑神经研究领域的旗帜性人物之一，被誉为""脑研究的教父”的迪克・斯瓦伯所著，本书为您解读大脑与出生、青春期、爱与性、生存与情感、成瘾、意识、攻击、道德、文化、信仰与历史的关系。本书是你认识自己、了解自己的最佳指南。
",书籍 出版 出版业 出版物 图书 心理学 文化 社会科学 ,（荷）迪克?斯瓦伯（Dick Swaab）著 ，王奕瑶，陈琰Z，包爱民 译,心理健康,￥65.00,,9.7873E+12,中国人民大学出版社,,,
《我的心里有个魔鬼：32位心理病人口述实录》,http:////www.baike.com//wiki//%E3%80%8A%E6%88%91%E7%9A%84%E5%BF%83%E9%87%8C%E6%9C%89%E4%B8%AA%E9%AD%94%E9%AC%BC%EF%BC%9A32%E4%BD%8D%E5%BF%83%E7%90%86%E7%97%85%E4%BA%BA%E5%8F%A3%E8%BF%B0%E5%AE%9E%E5%BD%95%E3%80%8B,"《我的心里有个魔鬼：32位心理病人口述实录》是一本心理学书籍，社会各界和普通读者关注。非常态心理人群”的最直接途径。
",书籍 出版 出版业 出版物 图书 心理学 文化 ,,心理学,,,9.78721E+12,,,,
《我的男人，你究竟在想什么？》,http:////www.baike.com//wiki//%E3%80%8A%E6%88%91%E7%9A%84%E7%94%B7%E4%BA%BA%EF%BC%8C%E4%BD%A0%E7%A9%B6%E7%AB%9F%E5%9C%A8%E6%83%B3%E4%BB%80%E4%B9%88%EF%BC%9F%E3%80%8B,"《我的男人，你究竟在想什么？》是南仁淑创作的心理学图书，由湖南人民出版社于2011年4月出版。
",书籍 出版 出版业 出版物 图书 心理学 文化 心理学图书 ,南仁淑,心理学书籍,25.00元,汉语,9.78754E+12,湖南人民出版社,,,
《战胜自己――顺其自然的森田疗法》,http:////www.baike.com//wiki//%E3%80%8A%E6%88%98%E8%83%9C%E8%87%AA%E5%B7%B1%E2%80%94%E2%80%94%E9%A1%BA%E5%85%B6%E8%87%AA%E7%84%B6%E7%9A%84%E6%A3%AE%E7%94%B0%E7%96%97%E6%B3%95%E3%80%8B,"《战胜自己――顺其自然的森田疗法》，作//译者：施旺红，第四军医大学出版社出版。保健类书籍。
",临床医学 书籍 出版 出版业 出版物 图书 心理学 文化 ,施旺红,医学，临床医学,￥22.00,中文,9.78781E+12,第四军医大学出版社,,,
《拖延心理学：向与生俱来的行为顽症宣战》,http:////www.baike.com//wiki//%E3%80%8A%E6%8B%96%E5%BB%B6%E5%BF%83%E7%90%86%E5%AD%A6%EF%BC%9A%E5%90%91%E4%B8%8E%E7%94%9F%E4%BF%B1%E6%9D%A5%E7%9A%84%E8%A1%8C%E4%B8%BA%E9%A1%BD%E7%97%87%E5%AE%A3%E6%88%98%E3%80%8B,"《拖延心理学：向与生俱来的行为顽症宣战》是心理学博士、美国加利福尼亚大学的资深心理咨询师简・博克和莱诺拉・袁的著作，本书为我们提供了达成目标、管理时间、谋求支持和处理压力等一系列方案来克服拖延问题，她们提供的方案极为实用并经受过实践的检验。
",书籍 出版 出版业 出版物 图书 心理学 文化 社会科学 ,（美）博克，（美）袁 著，蒋永强，陆正芳 译,社会科学,￥39.80,,9.7873E+12,中国人民大学出版社,,,
《探索潜意识》,http:////www.baike.com//wiki//%E3%80%8A%E6%8E%A2%E7%B4%A2%E6%BD%9C%E6%84%8F%E8%AF%86%E3%80%8B,"《探索潜意识》一书阐述了乔治・弗兰克尔自己开发的临床治疗方法。作品由精神分析师乔治・弗兰克尔。出版社：国际文化出版公司
",书籍 出版 出版业 出版物 图书 心理学 文化 社会科学 ,（英）弗兰克尔　著，华微风　译,社会科学,￥20.00,,9.7878E+12,国际文化出版公司,,,
《撬动幸福》,http:////www.baike.com//wiki//%E3%80%8A%E6%92%AC%E5%8A%A8%E5%B9%B8%E7%A6%8F%E3%80%8B,"这是一本深入浅出把世界上最先进的幸福学原理与我们的生活和工作结合起来的书。
",书籍 出版 出版业 出版物 图书 心理学 文化 ,　等著,文学 哲学,36.00元,中文,9.78751E+12,,,,
《改变，从心开始》,http:////www.baike.com//wiki//%E3%80%8A%E6%94%B9%E5%8F%98%EF%BC%8C%E4%BB%8E%E5%BF%83%E5%BC%80%E5%A7%8B%E3%80%8B,"罗伊・马丁纳是另类医学专家，是真正懂得身心平衡的实修者。本书从身心灵各个角度探讨情绪。本书除了理论探讨外，更提供了大量案例供读者参考，使我们更容易了解并将之运用到生活中，为自己创造内在的真正平静。
",书籍 传媒 外国文学 心理学 文化 ,马丁纳,,,简体中文,9.78722E+12,云南人民出版社,,Emotional Balance,
《攻心术大全集》,http:////www.baike.com//wiki//%E3%80%8A%E6%94%BB%E5%BF%83%E6%9C%AF%E5%A4%A7%E5%85%A8%E9%9B%86%E3%80%8B,"本书告诉我们一个人在这个社会上的地位如何，很大程度上取决于他与人打交道的能力，无论是获取物质财富，还是获取精神上的财富，都离不开与他人的沟通、交际、博弈、。而与人打交道的终极法则就是：洞悉他人的心理，然后对症下药，使他人不得不按你的意愿行事，也就是本书所讲的""攻心术”！
",书籍 出版 出版业 出版物 图书 心理学 文化 ,陈玮,,￥19.90,中文,9.78721E+12,江西人民出版社,,,
《放下.爱》,http:////www.baike.com//wiki//%E3%80%8A%E6%94%BE%E4%B8%8B.%E7%88%B1%E3%80%8B,"《放下.爱》为香港著名心性治疗师素黑在大陆首度推出的""素黑心疗系列”第一本，针对女人在两性情感中出现的执迷、盲目、贪恋、任性、绝望等各种心理问题，进行智慧透彻的观照和深层解析，并提出解决方案。
",书籍 出版 出版业 出版物 医学 图书 女性 应用科学 心理学 文化 科学 ,素黑 著,图书 > 心理学 > 应用心理学,￥25.00,中文,9.78753E+12,,,,
《教师不可不知的心理学》,http:////www.baike.com//wiki//%E3%80%8A%E6%95%99%E5%B8%88%E4%B8%8D%E5%8F%AF%E4%B8%8D%E7%9F%A5%E7%9A%84%E5%BF%83%E7%90%86%E5%AD%A6%E3%80%8B,"是一本用心理学来看学校教育的书，从学习、关系、决定三个角度解释了从众、模仿、习得无助等现象，并结合教学场景进行了分析。
",书籍 出版 出版业 出版物 图书 心理学 文化 ,唐全腾,,￥25.00,中文,9.78756E+12,华东师范大学出版社,,,
《新快乐主义》,http:////www.baike.com//wiki//%E3%80%8A%E6%96%B0%E5%BF%AB%E4%B9%90%E4%B8%BB%E4%B9%89%E3%80%8B,"《新快乐主义》台湾著名女作家吴淡如作品，本书告诉读者有自信的人，会活得开心，人人会愿意和你在一起。
",书籍 出版 出版业 出版物 图书 心理学 文化 , 著,图书 自我实现 励志 自我调适,12.00元,中文,9787540725754 [十位:7540725753],,,,
《是男人就要成功》,http:////www.baike.com//wiki//%E3%80%8A%E6%98%AF%E7%94%B7%E4%BA%BA%E5%B0%B1%E8%A6%81%E6%88%90%E5%8A%9F%E3%80%8B,"《是男人就要成功》是张扬所写的心理学类心理学通俗读物，2008年7月1日由安徽教育出版社发行。
",书籍 出版 出版业 出版物 图书 心理学 文化 ,张扬 著,图书 心理学 心理学通俗读物,19.80元,中文,9.78753E+12,,,,
《智慧之光》,http:////www.baike.com//wiki//%E3%80%8A%E6%99%BA%E6%85%A7%E4%B9%8B%E5%85%89%E3%80%8B,"《智慧之光》孙新平著，书中介绍了十五位分别来自春秋战国、楚汉相争、乱世三国的传奇英雄，品味书中传奇英雄的智慧，使读者从中得到智慧的启示。
",书籍 出版 出版业 出版物 图书 心理学 文化 ,孙新平 编著,图书 历史人物 哲学,16.80元,中文,9.78781E+12,三秦出版社,,,
《智慧阅读：通往彼岸的签证》,http:////www.baike.com//wiki//%E3%80%8A%E6%99%BA%E6%85%A7%E9%98%85%E8%AF%BB%EF%BC%9A%E9%80%9A%E5%BE%80%E5%BD%BC%E5%B2%B8%E7%9A%84%E7%AD%BE%E8%AF%81%E3%80%8B,"《智慧阅读：通往彼岸的签证》李贤主编，本书包括，蕴涵着深刻的小故事，才有成功的可能。正视成功，在生活中探索哲理。
",书籍 出版 出版业 出版物 图书 心理学 文化 ,李贤 主编,图书 文学,19.60元,中文,9.7875E+12,,,,
《未知的自我》,http:////www.baike.com//wiki//%E3%80%8A%E6%9C%AA%E7%9F%A5%E7%9A%84%E8%87%AA%E6%88%91%E3%80%8B,"《未知的自我》是精神分析师乔治・弗兰克尔的作品，本书以弗兰克尔长达四十多年的精神分析医师经历中的观察为基础，从多方面为《探索潜意识》中所阐述的精神分析技术提供了理论基础。
",书籍 出版 出版业 出版物 图书 心理学 文化 社会科学 ,（英）弗兰克尔 著，刘翠玲 译,社会科学,￥29.00,,9.7878E+12,国际文化出版公司,,,
《梦的真相》,http:////www.baike.com//wiki//%E3%80%8A%E6%A2%A6%E7%9A%84%E7%9C%9F%E7%9B%B8%E3%80%8B,"《梦的真相》，梦的心理学解析与疗愈，（比利时）米彬著，倪男奇译，世界图书出版公司出版。
",书籍 出版 出版业 出版物 图书 心理学 文化 ,"米杉(Michel Claeys) (作者), 倪男奇 (译者)",图书 > 心理学 > 生理心理学,32,简体中文,9.78751E+12,世界图书出版公司;,,,
《梦的释义》,http:////www.baike.com//wiki//%E3%80%8A%E6%A2%A6%E7%9A%84%E9%87%8A%E4%B9%89%E3%80%8B,"《梦的释义》是由新世界出版社出版的（奥）弗洛伊德的著作，有张燕云翻译。本书是人类有史以来第一次以科学的方法来分析和研究""梦”的著作。
",两性 书籍 出版 出版业 出版物 图书 心理学 文化 生活 ,（奥）弗洛伊德 著 张燕云 译,心理学 > 生理心理学,39.8,中文,9.7878E+12,,,,
《正念之道》,http:////www.baike.com//wiki//%E3%80%8A%E6%AD%A3%E5%BF%B5%E4%B9%8B%E9%81%93%E3%80%8B,"《正念之道》是美国临床心理学博士Ronald Siegel创作的，李迎潮、李孟潮翻译的图书，由中国轻工业出版社于2011年2月出版。
",书籍 出版 出版业 出版物 图书 心理学 心理学书籍 文化 ,Ronald Siegel,心理学书籍,50元,,9.7875E+12,中国轻工业出版社,,,
《正念生命中重要之事》,http:////www.baike.com//wiki//%E3%80%8A%E6%AD%A3%E5%BF%B5%E7%94%9F%E5%91%BD%E4%B8%AD%E9%87%8D%E8%A6%81%E4%B9%8B%E4%BA%8B%E3%80%8B,"《正念生命中重要之事》是纽约怀特研究所应用精神分析中心的主任罗伯特・兰甘创作的，董建中翻译的心理学图书，由东方出版中心于2011年3月出版。本书交织着对佛教主题的精彩描述，以及在虚构的患者和心理治疗师之间的引人入胜的对话。
",书籍 出版 出版业 出版物 图书 心理学 文化 心理学图书 ,罗伯特・兰甘,心理学书籍,26元,,9.78755E+12,东方出版中心,,,
《此刻是一枝花》,http:////www.baike.com//wiki//%E3%80%8A%E6%AD%A4%E5%88%BB%E6%98%AF%E4%B8%80%E6%9E%9D%E8%8A%B1%E3%80%8B,"《此刻是一枝花》是美国马萨诸塞大学教授乔恩・卡巴金创作的，润秋翻译的心理学图书，由文汇出版社于2008年10月1日出版。本书描绘了怎样在日常生活中培养正念的简单途径，介绍了正念被认为是佛教禅修的核心。
",书籍 出版 出版业 出版物 图书 心理学 心理学书籍 文化 ,乔恩・卡巴金,心理学书籍,23元,,9.78781E+12,文汇出版社,,,
《每天给心灵放个假（冬之卷）》,http:////www.baike.com//wiki//%E3%80%8A%E6%AF%8F%E5%A4%A9%E7%BB%99%E5%BF%83%E7%81%B5%E6%94%BE%E4%B8%AA%E5%81%87%EF%BC%88%E5%86%AC%E4%B9%8B%E5%8D%B7%EF%BC%89%E3%80%8B,"《每天给心灵放个假（冬之卷）》是的汤勇著的心理学通俗读物，2008年5月1日由四川文艺出版社发行。
",书籍 出版 出版业 出版物 图书 心理学 文化 ,汤勇 著,图书 心理学 心理学通俗读物,10.00元,中文,9.78754E+12,,,,
《每天都要笑一笑》,http:////www.baike.com//wiki//%E3%80%8A%E6%AF%8F%E5%A4%A9%E9%83%BD%E8%A6%81%E7%AC%91%E4%B8%80%E7%AC%91%E3%80%8B,"《每天都要笑一笑》是姚颖颖所著的心理学类书籍，由中国商业出版社于2009年4月1日发行，本书提倡每天笑一笑，既缓解了心情，又减轻了压力。
",书籍 出版 出版业 出版物 图书 心理学 文化 ,姚颖颖 著,图书 心理学 心理学通俗读物,28.00元,中文,9.7875E+12,,,,
《沙游―非语言的心灵疗法》,http:////www.baike.com//wiki//%E3%80%8A%E6%B2%99%E6%B8%B8%E2%80%94%E9%9D%9E%E8%AF%AD%E8%A8%80%E7%9A%84%E5%BF%83%E7%81%B5%E7%96%97%E6%B3%95%E3%80%8B,"《沙游―非语言的心灵疗法》是美国博士布莱德威、麦克寇德创作的，曾仁美、朱惠英、高慧芬翻译的心理学书籍，由江苏教育出版社于2010年5月出版。分为三部分，第一部分和第二部分是沙游治疗的起源及尝试去懂得沙游为何有疗效的过程，第三部分深入研讨了十位案主。
",书籍 出版 出版业 出版物 图书 心理学 心理学书籍 文化 ,布莱德威、麦克寇德,心理学书籍,22元,,9.78753E+12,江苏教育出版社,,,
《沙盘游戏疗法》,http:////www.baike.com//wiki//%E3%80%8A%E6%B2%99%E7%9B%98%E6%B8%B8%E6%88%8F%E7%96%97%E6%B3%95%E3%80%8B,"《沙盘游戏疗法》是高岚、申荷永创作的心理学书籍，由中国人民大学出版社于2011年11月出版。本书整体介绍了沙盘游戏治疗方法的形成、理论基础、原则、基本设置、过程与分析、实践与体验，主要凸显沙盘游戏治疗在中国的实践和发展。
",书籍 出版 出版业 出版物 图书 心理学 文化 心理学图书 ,高岚、申荷永,心理学书籍,38元,汉语,9.7873E+12,中国人民大学出版社,,,
《法律心理学》,http:////www.baike.com//wiki//%E3%80%8A%E6%B3%95%E5%BE%8B%E5%BF%83%E7%90%86%E5%AD%A6%E3%80%8B,"《法律心理学》是由乐国安编著，华东师范大学出版社于2003年5月出版的心理学书籍，在实践方面有助于法律制度的建设、改革和完善；有助于提高司法工作的准确性和科学性。
",书籍 出版 出版业 出版物 图书 心理学 文化 术语 理论 社会科学 科学 ,乐国安,心理学,20,中文,7561732457,华东师范大学出版社,,,
《活学厚黑学活用心理学》,http:////www.baike.com//wiki//%E3%80%8A%E6%B4%BB%E5%AD%A6%E5%8E%9A%E9%BB%91%E5%AD%A6%E6%B4%BB%E7%94%A8%E5%BF%83%E7%90%86%E5%AD%A6%E3%80%8B,"《活学厚黑学活用心理学》是由中国画报出版社发行的作者龙柒编著的作品。
",书籍 出版 出版业 出版物 图书 心理学 文化 ,龙柒,中国图书馆分类号：B82-49B84-49,￥39.80,中文,9.7878E+12,,,,
《焦点解决治疗:理论、研究与实践》,http:////www.baike.com//wiki//%E3%80%8A%E7%84%A6%E7%82%B9%E8%A7%A3%E5%86%B3%E6%B2%BB%E7%96%97%3A%E7%90%86%E8%AE%BA%E3%80%81%E7%A0%94%E7%A9%B6%E4%B8%8E%E5%AE%9E%E8%B7%B5%E3%80%8B,"《焦点解决治疗:理论、研究与实践》是英国博士麦克唐纳创作的，骆宏、洪芳、沈宣元翻译的心理学图书，由宁波出版社于2011年10月出版。介绍了解决治疗入门级和在精神卫生、儿童保护以及职场咨询中的应用。
",书籍 出版 出版业 出版物 图书 心理学 心理学书籍 文化 ,麦克唐纳,心理学书籍,32元,汉语,9.78781E+12,宁波出版社,,,
《爱与恨：情绪心理的智慧》,http:////www.baike.com//wiki//%E3%80%8A%E7%88%B1%E4%B8%8E%E6%81%A8%EF%BC%9A%E6%83%85%E7%BB%AA%E5%BF%83%E7%90%86%E7%9A%84%E6%99%BA%E6%85%A7%E3%80%8B,"《爱与恨：情绪心理的智慧》是心理咨询与教育辅导专家徐光兴创作的心理学图书，由安徽人民出版社于2011年3月出版。本书介绍了如何调节自己的情绪，如何设身处地为他人着想，如何感受他人的情感，如何建立良好的人际关系。
",书籍 出版 出版业 出版物 图书 心理学 心理学书籍 文化 ,徐光兴,心理学书籍,24元,汉语,9.78721E+12,安徽人民出版社,,,
《爱在左，管教在右》,http:////www.baike.com//wiki//%E3%80%8A%E7%88%B1%E5%9C%A8%E5%B7%A6%EF%BC%8C%E7%AE%A1%E6%95%99%E5%9C%A8%E5%8F%B3%E3%80%8B,"《爱在左，管教在右》，金韵蓉著，2010年8月由中信出版社出版。资深心理专家金韵蓉从业30年的沉淀力作，她精研婚姻家庭问题与儿童心理教育。私人教子经验首次公开。专业科学的心理学视野、真实入微的母亲体悟、丰富实用的跨界方法。
",中国 书籍 儿童教育 出版 出版业 出版物 图书 家庭教育 少儿救助 心理学 文化 文学 ,,家庭教育,30元,中文,9.78751E+12,,,,
《犯罪社会学》,http:////www.baike.com//wiki//%E3%80%8A%E7%8A%AF%E7%BD%AA%E7%A4%BE%E4%BC%9A%E5%AD%A6%E3%80%8B,"《犯罪社会学》上海政法学院社会学与社会工作系教授吴鹏森著，本书以犯罪与社会的相互关系为对象，围绕人类社会行为的微观环境与宏观环境展开犯罪问题的研究。
",书籍 出版 出版业 出版物 图书 心理学 文化 法律 , 著,图书 书籍 法律 心理学,55.00元,中文,9.78751E+12,,,,
《班主任最需要的心理学》,http:////www.baike.com//wiki//%E3%80%8A%E7%8F%AD%E4%B8%BB%E4%BB%BB%E6%9C%80%E9%9C%80%E8%A6%81%E7%9A%84%E5%BF%83%E7%90%86%E5%AD%A6%E3%80%8B,"阅读本书，帮助广大班主任掌握教师心理学。
",书籍 出版 出版业 出版物 图书 心理学 文化 ,赵国忠,,￥26.00,中文,9.78731E+12,南京大学出版社,,,
《生命的轨迹》,http:////www.baike.com//wiki//%E3%80%8A%E7%94%9F%E5%91%BD%E7%9A%84%E8%BD%A8%E8%BF%B9%E3%80%8B,"《生命的轨迹》这本书的作者是史蒂芬・阿若优，由胡因梦翻译，云南人民出版社出版，本书提供了一整套奠基于荣格心理学和东方哲学的深度占星方法。
",书籍 传媒 出版 出版业 出版物 哲学 图书 外国文学 心理学 文化 ,史蒂芬・阿若优,小说,38.00元,简体中文,9.78722E+12,云南人民出版社,,,
《男人来自火星，女人来自金星――365天笔记》,http:////www.baike.com//wiki//%E3%80%8A%E7%94%B7%E4%BA%BA%E6%9D%A5%E8%87%AA%E7%81%AB%E6%98%9F%EF%BC%8C%E5%A5%B3%E4%BA%BA%E6%9D%A5%E8%87%AA%E9%87%91%E6%98%9F%E2%80%94%E2%80%94365%E5%A4%A9%E7%AC%94%E8%AE%B0%E3%80%8B,"《男人来自火星，女人来自金星――365天笔记》心理学博士约翰・格雷著，本书是获得与异性完美关系的最佳指南，对理解男人和女人的沟通是一个突出的贡献。
",书籍 出版 出版业 出版物 图书 心理学 文化 ,（美）约翰・格雷 著,图书 心理学 心理学通俗读物,20.00元,中文,7807021713,吉林文史出版社,,,
《百年谎言》,http:////www.baike.com//wiki//%E3%80%8A%E7%99%BE%E5%B9%B4%E8%B0%8E%E8%A8%80%E3%80%8B,"《百年谎言》是由兰德尔・菲茨杰拉德所著，本书介绍包括特富龙、消毒剂、漂白剂、空气净化剂和杀虫剂等700多种化合物使人体不堪重负；据权威研究，饮用氟化处理的水不仅造成儿童智商低下，而且会致癌；从减肥茶到口香糖的1200种食品中存在的各种人造甜味剂引发 88种中毒症状，
",书籍 健康 出版 出版业 出版物 图书 心理学 文化 ,（美）菲茨杰拉德　著，但汉松，董苹　译,健康百科,￥32.00,,9.7873E+12,出版社,,,
《盛世风铃》,http:////www.baike.com//wiki//%E3%80%8A%E7%9B%9B%E4%B8%96%E9%A3%8E%E9%93%83%E3%80%8B,"《盛世风铃》2007年6月1日出版于重庆出版社。本书以饱蘸激情、绵密飘逸又富于思辨的笔触，全方位状述了他们在社会、官场和个人感情漩流中的一波三折，展现了当年席卷全国的金融""三乱”的风去骤起、潮起潮落。
",书籍 出版 出版业 出版物 图书 心理学 文化 ,刘东,,,中文,9.78754E+12,重庆出版社,,,
《直面内心的恐惧》,http:////www.baike.com//wiki//%E3%80%8A%E7%9B%B4%E9%9D%A2%E5%86%85%E5%BF%83%E7%9A%84%E6%81%90%E6%83%A7%E3%80%8B,"《直面内心的恐惧》，作者（德）弗里兹・李曼，由山西人民出版社于2007年10月1日出版。本书也介绍其他的矛盾，生命中不合理的要求：同时追求永恒与多变，因而要克服对消逝以及既定的规律与事实的恐惧。
",书籍 互动读书 人文社科 出版 出版业 出版物 图书 心理学 文化 文学 社会科学 科学 分裂 强迫 忧郁 ,（德）弗里兹・李曼,,25,汉语,9.7872E+12,山西人民出版社,,,
《看见成长的自己》,http:////www.baike.com//wiki//%E3%80%8A%E7%9C%8B%E8%A7%81%E6%88%90%E9%95%BF%E7%9A%84%E8%87%AA%E5%B7%B1%E3%80%8B,"《看见成长的自己》的作者卡罗尔・德韦克，哥伦比亚大学威廉・兰斯福德心理学教授，斯坦福大学行为心理学教。本书由中信出版社于2011-6出版发行。 讲述了人在这个世界里如何成长如何认识自己。
",书籍 出版 出版业 出版物 图书 心理学 心理学书籍 文化 ,卡罗尔・德韦克,心理学书籍,29.8,中文,9.78751E+12,,,Carol Dweck,
《督导关系：一种当代心理动力学方法》,http:////www.baike.com//wiki//%E3%80%8A%E7%9D%A3%E5%AF%BC%E5%85%B3%E7%B3%BB%EF%BC%9A%E4%B8%80%E7%A7%8D%E5%BD%93%E4%BB%A3%E5%BF%83%E7%90%86%E5%8A%A8%E5%8A%9B%E5%AD%A6%E6%96%B9%E6%B3%95%E3%80%8B,"《督导关系：一种当代心理动力学方法》是Mary Gail Frawley- O’Dea和Joan E. Sarnat博士创作的，李M、傅文青翻译的心理学图书，由中国轻工业出版社于2011年6月出版。本书详细阐述了当代督导的综合模式。
",书籍 出版 出版业 出版物 图书 心理学 心理学书籍 文化 ,Mary Gail Frawley- O’Dea、Joan E. Sarnat,心理学书籍,35元,,9.7875E+12,中国轻工业出版社,,,
《短程动力治疗》,http:////www.baike.com//wiki//%E3%80%8A%E7%9F%AD%E7%A8%8B%E5%8A%A8%E5%8A%9B%E6%B2%BB%E7%96%97%E3%80%8B,"《短程动力治疗》是美国博士汉娜?利文森创作的，郭本禹、李令永翻译的图书，由安徽人民出版社于2011年10月出版。概述了一个符合短期治疗现实的心理动力实践模型，解释了这种综合的、共情式的取向。
",书籍 出版 出版业 出版物 图书 心理学 心理学书籍 文化 ,汉娜?利文森,心理学书籍,,,9.78721E+12,安徽人民出版社,,,
《社会心理学》（第8版）,http:////www.baike.com//wiki//%E3%80%8A%E7%A4%BE%E4%BC%9A%E5%BF%83%E7%90%86%E5%AD%A6%E3%80%8B%EF%BC%88%E7%AC%AC8%E7%89%88%EF%BC%89,"我们这些教授、编写心理学著作的人都被这样一种情感所推动：那就是不仅传播心理学，而且希望能帮助学生拥有更好的生活――更睿智，更有价值，更激情充溢的生活。从这个角度来说，我们就像其他领域中的教师与作者一样。神学家罗伯特・麦卡菲・布朗曾问道：""我们为何要写作？”""我承认，除了我们可以获得的奖赏之外……我们写作是因为我们希望改变什么。我们写作因为我们有这样的信念，我们能够改变些什么。这种‘改变’可以是一次对美的全新感知，可以是一次对自我的全新洞察，可以是一次对喜悦的全新体验，也可以是一种投身变革的决定。”的确，我写作是希望我能够用批判的思维制约直觉，用判断力提纯情感，用理解期待幻想。
",书籍 出版 出版业 出版物 图书 心理学 文化 文学 社会科学 美国 ,（美）戴维・迈尔斯,?哲学与宗教 > 心理学 > 综合?社会科学 > 社会学 > 社会心理学与社会行为,68元,中文,9.78712E+12,人民邮电出版社,,Social psychology : 8th edition,
《神经病论-兼论以弗洛伊德为代表的心理治疗》,http:////www.baike.com//wiki//%E3%80%8A%E7%A5%9E%E7%BB%8F%E7%97%85%E8%AE%BA-%E5%85%BC%E8%AE%BA%E4%BB%A5%E5%BC%97%E6%B4%9B%E4%BC%8A%E5%BE%B7%E4%B8%BA%E4%BB%A3%E8%A1%A8%E7%9A%84%E5%BF%83%E7%90%86%E6%B2%BB%E7%96%97%E3%80%8B,"《神经病论-兼论以弗洛伊德为代表的心理治疗》是加拿大刘烈创作的心理学图书，由中国国际广播出版社于2011年9月出版。本书阐释弗洛伊德学派缘起、嬗变，及理论价值，客观评介精神分析与治疗的思辨关系。
",书籍 出版 出版业 出版物 图书 心理学 心理学书籍 文化 ,刘烈,心理学书籍,45元,,9.78751E+12,中国国际广播出版社,,,
《神马都是浮云――如何把控你的坏脾气》,http:////www.baike.com//wiki//%E3%80%8A%E7%A5%9E%E9%A9%AC%E9%83%BD%E6%98%AF%E6%B5%AE%E4%BA%91%E2%80%94%E2%80%94%E5%A6%82%E4%BD%95%E6%8A%8A%E6%8E%A7%E4%BD%A0%E7%9A%84%E5%9D%8F%E8%84%BE%E6%B0%94%E3%80%8B,"""人的优雅，关键在于控制自己的情绪。情绪一坏，一个人就在心理上解除了装备。”不要像小丑一样被人围观了，不要让关心你爱你的人离你而去了，来听听佛恩博士对你的""教训”吧，他可不怕得罪你。
",书籍 出版 出版业 出版物 图书 心理学 文化 ,雷诺派特・佛恩,心理学,26,中文,9.78751E+12,中国经济出版社,,,
《积极心态的力量：掌控成功的10条法则》,http:////www.baike.com//wiki//%E3%80%8A%E7%A7%AF%E6%9E%81%E5%BF%83%E6%80%81%E7%9A%84%E5%8A%9B%E9%87%8F%EF%BC%9A%E6%8E%8C%E6%8E%A7%E6%88%90%E5%8A%9F%E7%9A%8410%E6%9D%A1%E6%B3%95%E5%88%99%E3%80%8B,"《积极心态的力量：掌控成功的10条法则》是美国畅销书作家Robert Greene创作的励志类图书，由电子工业出版社于2011年5月出版。本书以美国著名说唱歌手50 cent的成长历程为背景，讲述了如何以无所畏惧、强大的内心改变逆境。
",书籍 出版 出版业 出版物 图书 心理学 文化 心理学图书 ,Robert Greene,励志书籍,36元,汉语,9.78712E+12,电子工业出版社,,,
《第1本快乐心理学》,http:////www.baike.com//wiki//%E3%80%8A%E7%AC%AC1%E6%9C%AC%E5%BF%AB%E4%B9%90%E5%BF%83%E7%90%86%E5%AD%A6%E3%80%8B,"《第1本快乐心理学》作者奥里森?S?马登，由苏州古吴轩出版社于2010年12月出版。挖掘人类潜能秘诀，最有效的快乐心理学，最惊人的改变命运书！你快乐？你不快乐？你为什么不快乐?你快乐不快乐！ 10亿中国人的终极追问：每一个人都可以快乐，我们却为什么不快乐？
",书籍 出版 出版业 出版物 图书 心理学 文化 ,奥里森?S?马登,成功,26.8,中文,9.78781E+12,苏州古吴轩出版社,,,
《简捷启发式：让我们更精明》,http:////www.baike.com//wiki//%E3%80%8A%E7%AE%80%E6%8D%B7%E5%90%AF%E5%8F%91%E5%BC%8F%EF%BC%9A%E8%AE%A9%E6%88%91%E4%BB%AC%E6%9B%B4%E7%B2%BE%E6%98%8E%E3%80%8B,"《简捷启发式让我们更精明》各章在一定程度上叙说了我们探险的故事，这些故事反映了我们在长途的艰难跋涉过程中所体验到的情感和所经历的激动人心的时刻。在漫长而痛苦的困惑不解和失败的推测之后，我们常常为多种简捷启发式的令人惊奇的作用以及隐含在其背后的原因而踌躇迷茫。我们甚至开始怀疑我们研究结果的真实性(我们的许多同事很快就产生了这种思想情绪，而且比我们放弃得要晚!)，只是到了最后才认识到我们有充分理由相信这些发现是千真万确的。为了反映我们从迷惘怀疑到确信不疑的进步过程，本书前面的有关章节将报告我们当初的一些令人迷惑不解的发现，而后面的有关章节将把这些零散发现综合在一起形成一幅完整画面。
",书籍 出版 出版业 出版物 哲学 图书 心理学 文化 ,哥德・吉戈伦尔等 ，刘永芳 (译者),心理学 > 心理过程与心理状态 > 认知,,中文,7561730543,,,,
《管理者每天读点心理学知识》,http:////www.baike.com//wiki//%E3%80%8A%E7%AE%A1%E7%90%86%E8%80%85%E6%AF%8F%E5%A4%A9%E8%AF%BB%E7%82%B9%E5%BF%83%E7%90%86%E5%AD%A6%E7%9F%A5%E8%AF%86%E3%80%8B,"心理现象是一种极其复杂的现象――法国大作家雨果说得好，世界最浩瀚的是海洋，比海洋更浩瀚的是天空，比天空还要浩瀚的是人的心灵――企图用某一种心理学派去解释作为自然界最伟大的花朵――人类的心理活动，恐怕会是一种奢望吧!英国当代著名数学家兼哲学家罗素有一段话，""过去想只用一种哲学语言来描述整个世界，这个愿望是不能达到了。”\n《管理者每天读点心理学知识》由启融编著，汇集了各种心理学派的精华，试图从多种角度阐释形形色色的心理现象，尽管对许多人来说，""心理”和""心理学”有些神秘、有些陌生――看不见、摸不着，但在日常生活中，我们每做一件事、每说一句话，都受到一定的心理状态和心理活动的影响和制约。希望通过这本书，能为你的生活打开一扇有趣的窗户，通过这扇窗，你不仅能深入地了解自己，更能敏锐地洞察别人的内心。
",书籍 出版 出版业 出版物 图书 心理学 文化 管理 ,启融,书籍,25元,汉语,,海潮,,,
《精神分析入门》,http:////www.baike.com//wiki//%E3%80%8A%E7%B2%BE%E7%A5%9E%E5%88%86%E6%9E%90%E5%85%A5%E9%97%A8%E3%80%8B,"《精神分析入门》查尔斯・布伦纳著，本书是学习和了解心理学的人的必备读物。
",书籍 出版 出版业 出版物 哲学 图书 心理学 文化 ,查尔斯・布,,,"
 ",,"
 ",,,
《精神分析学引论・新论》,http:////www.baike.com//wiki//%E3%80%8A%E7%B2%BE%E7%A5%9E%E5%88%86%E6%9E%90%E5%AD%A6%E5%BC%95%E8%AE%BA%C2%B7%E6%96%B0%E8%AE%BA%E3%80%8B,"《精神分析学引论・新论》是由百花洲文艺出版社出版的（奥）弗洛伊德的著作，有罗生翻译。几乎涵盖了精神分析理论所关切与探讨的各项层面，特别是精神分析的三大基本理论：潜意识论、梦论，以及性欲论。
",书籍 心理学 ,奥 弗洛伊德,,39.80元,,9.78781E+12,,,,
《精神分析心理学》,http:////www.baike.com//wiki//%E3%80%8A%E7%B2%BE%E7%A5%9E%E5%88%86%E6%9E%90%E5%BF%83%E7%90%86%E5%AD%A6%E3%80%8B,"《精神分析心理学》是北京大学心理学副教授沈德灿创作的图书，于2005年5月1日出版。介绍弗洛伊德个人的思想、精神分析之创始、演变及发展中的各家理论，将精神分析实质内涵扩大。
",书籍 出版 出版业 出版物 图书 心理学 文化 心理学图书 ,沈德灿,心理学书籍,68元,汉语,7533856023,浙江教育出版社,,,
《精神疾病诊断与统计手册》,http:////www.baike.com//wiki//%E3%80%8A%E7%B2%BE%E7%A5%9E%E7%96%BE%E7%97%85%E8%AF%8A%E6%96%AD%E4%B8%8E%E7%BB%9F%E8%AE%A1%E6%89%8B%E5%86%8C%E3%80%8B,"一本在美国与其他国家中最常使用来诊断精神疾病的指导手册。
",传媒 医学图书 心理学 文化 精神病 ,,,,,,,,,
《终结拖延症》,http:////www.baike.com//wiki//%E3%80%8A%E7%BB%88%E7%BB%93%E6%8B%96%E5%BB%B6%E7%97%87%E3%80%8B,"《终结拖延症》由威廉?克瑙斯所著。本书于2011-9由机械工业出版社出版发行。
",书籍 出版 出版业 出版物 图书 心理学 心理学书籍 文化 ,威廉 ? 克瑙斯,心理学书籍,36.00元,汉语,9.78711E+12,机械工业出版社,,William Knaus,
《给心理治疗师的礼物》,http:////www.baike.com//wiki//%E3%80%8A%E7%BB%99%E5%BF%83%E7%90%86%E6%B2%BB%E7%96%97%E5%B8%88%E7%9A%84%E7%A4%BC%E7%89%A9%E3%80%8B,"《给心理治疗师的礼物》为lrvin Yalom教授的最新著作，是他写给新一代治疗师的信。他从自己几十年的临床笔记中选取了85则建议，汇集了临床工作中行之有效的观点和技术，希望能够把自己的经验传递给下一代治疗师。
",书籍 出版 出版业 出版物 医学 图书 应用科学 心理学 文化 科学 ,（美）雅罗姆 著 张怡玲 译,图书 > 心理学 > 心理健康,￥15.00,中文,9.7875E+12,,,,
《考前冲刺》,http:////www.baike.com//wiki//%E3%80%8A%E8%80%83%E5%89%8D%E5%86%B2%E5%88%BA%E3%80%8B,"《考前冲刺》是由（加）亚历山大所著的一本书籍，于2011年11月1日东方出版社出版。本书共有250页。
",图书 心理学 考试 准备 ,（加）亚历山大,,,,,东方出版社,,,
《职场潜伏心理学》,http:////www.baike.com//wiki//%E3%80%8A%E8%81%8C%E5%9C%BA%E6%BD%9C%E4%BC%8F%E5%BF%83%E7%90%86%E5%AD%A6%E3%80%8B,"掌握职场""读心术”，用心理学战胜潜规则！《职场潜伏心理学:全世界最权威的88个心理学定律》是一本看了就能用，用了就灵的职场书！
",书籍 出版 出版业 出版物 图书 心理学 文化 ,张超,,￥24.80,中文,9.78754E+12,北方妇女儿童出版社,,,
《聪明女人必知的男人心理学》,http:////www.baike.com//wiki//%E3%80%8A%E8%81%AA%E6%98%8E%E5%A5%B3%E4%BA%BA%E5%BF%85%E7%9F%A5%E7%9A%84%E7%94%B7%E4%BA%BA%E5%BF%83%E7%90%86%E5%AD%A6%E3%80%8B,"《聪明女人必知的男人心理学》是由中国纺织出版社出版的著作，作者为彭晶。书中归纳了男人在两性相处中的基本心理，总结了35个爱情制胜的绝招，献给天下所有期待爱与幸福的女人。
",书籍 出版 出版业 出版物 图书 心理学 文化 生活 ,彭晶,女性励志 心理学,26.8,中文,9.78751E+12,,,,
《自我分析》,http:////www.baike.com//wiki//%E3%80%8A%E8%87%AA%E6%88%91%E5%88%86%E6%9E%90%E3%80%8B,"《自我分析》20世纪最伟大的女性心理学家卡伦・霍妮著，2009年在上海文艺出版集团发行有限公司发布。讲述了自我分析的可行性与可取性、神经症的内驱力、精神分析的不同阶段等内容。
",书籍 出版 出版业 出版物 图书 心理学 文化 ,（美）卡伦・霍妮 著 孙菊霞 等译,生活 心理学 哲学 书籍,24.00元,中文,9.78755E+12,上海文艺出版集团发行有限公司（上海锦绣文章）,,,
《荣格之道》,http:////www.baike.com//wiki//%E3%80%8A%E8%8D%A3%E6%A0%BC%E4%B9%8B%E9%81%93%E3%80%8B,"《荣格之道》本书是一本关于荣格心理学分析研究的著作，发现了荣格本然的心灵世界与中国道家哲学的天然世界之间的许多相类似东西，从而勾画出一条完整的荣格心理学构建之路。
",书籍 出版 出版业 出版物 图书 心理学 文化 哲学书籍 ,（美）,"
 ","
 ","
 ","
 ","
 ","
 ",,
《认真玩个爱情游戏》,http:////www.baike.com//wiki//%E3%80%8A%E8%AE%A4%E7%9C%9F%E7%8E%A9%E4%B8%AA%E7%88%B1%E6%83%85%E6%B8%B8%E6%88%8F%E3%80%8B,"《认真玩个爱情游戏》本书作者吴淡如为读者提出的爱情、观念和生活点子。努力地工作，开怀地享乐，女人和爱情都正在进化。
",书籍 作家 出版 出版业 出版物 图书 心理学 文化 , 著,心理学 生活 书籍,12.00元,中文,9.78754E+12,,,,
《让孩子从小能说会道》,http:////www.baike.com//wiki//%E3%80%8A%E8%AE%A9%E5%AD%A9%E5%AD%90%E4%BB%8E%E5%B0%8F%E8%83%BD%E8%AF%B4%E4%BC%9A%E9%81%93%E3%80%8B,"《让孩子从小能说会道》李少聪、张盛林著，本书旨在帮助父母训练孩子的口才，全书内容包括抓住孩子口才培养的关键期、引导孩子开口说话、让孩子掌握实用的沟通技巧、鼓励孩子在人际交往中大胆表达自己、让孩子养成阅读的习惯以及避免不良说话习惯给孩子造成的影响等多个方面。文章的案例、故事发人深省，说理文字通俗易懂，相信会成为您培养孩子口才的好帮手。
",书籍 出版 出版业 出版物 图书 心理学 文化 ,,"
 ","
 ","
 ","
 ","
 ","
 ",,
《让孩子有个好人缘》,http:////www.baike.com//wiki//%E3%80%8A%E8%AE%A9%E5%AD%A9%E5%AD%90%E6%9C%89%E4%B8%AA%E5%A5%BD%E4%BA%BA%E7%BC%98%E3%80%8B,"《让孩子有个好人缘》由李少聪、刘悦著，本书通过大量的案例故事和通俗的论述，使父母们更好地理解教会孩子正确与人交往的意义和方法。
",书籍 出版 出版业 出版物 图书 心理学 文化 , 刘悦 著,图书 心理学 心理学通俗读物,28.00元,中文,9.78756E+12,,,,
《让孩子赢在起跑线》,http:////www.baike.com//wiki//%E3%80%8A%E8%AE%A9%E5%AD%A9%E5%AD%90%E8%B5%A2%E5%9C%A8%E8%B5%B7%E8%B7%91%E7%BA%BF%E3%80%8B,"《让孩子赢在起跑线》李苏仁、陶红亮著，本书全方位地介绍了0～6岁孩子的培养方法，让孩子养成良好的性格和行为习惯，这是使孩子成功必不可少的重要条件。
",书籍 出版 出版业 出版物 图书 心理学 文化 教育书籍 ,李苏仁 陶红亮 著,图书 教育 科学 心理学 生活用书 婚恋、家庭、育儿 家庭教育,19.90元,中文,9787538439663 [十位:7538439668],吉林科学技术出版社,,,
《让魅力如花绽放》,http:////www.baike.com//wiki//%E3%80%8A%E8%AE%A9%E9%AD%85%E5%8A%9B%E5%A6%82%E8%8A%B1%E7%BB%BD%E6%94%BE%E3%80%8B,"《让魅力如花绽放》姚丽，郎淑华著，本书采取中英文对照的形式，在对文中的单词、短语进行注释的同时进行引申，为读者积聚语言财富。
",书籍 出版 出版业 出版物 图书 心理学 文化 ,姚丽 郎,"
 ","
 ","
 ","
 ","
 ","
 ",,
《论冯特》,http:////www.baike.com//wiki//%E3%80%8A%E8%AE%BA%E5%86%AF%E7%89%B9%E3%80%8B,"《论冯特》--由陈元晖编著发行于1972年，他概要地回顾了西方心理学诸多流派的嬗变，公正地评价了哲学上的马赫主义者冯特在科学的心理学史中的地位及其对心理学的贡献。
",中文书籍 心理学 社会科学 科学 ,,,,,,,,,
《说出我的秘密》,http:////www.baike.com//wiki//%E3%80%8A%E8%AF%B4%E5%87%BA%E6%88%91%E7%9A%84%E7%A7%98%E5%AF%86%E3%80%8B,"《说出我的秘》由心理医生雷明所著，本书收录了七个心理个案，并对这些个案作了深入的分析。
",书籍 出版 出版业 出版物 图书 心理学 文化 社会科学 ,雷明,社会科学,￥33.00,,9.78751E+12,,,,
《诸葛亮智谋全集》,http:////www.baike.com//wiki//%E3%80%8A%E8%AF%B8%E8%91%9B%E4%BA%AE%E6%99%BA%E8%B0%8B%E5%85%A8%E9%9B%86%E3%80%8B,"《诸葛亮智谋全集》本书以诸葛亮的智谋故事为基础，从六个方面分别介绍了诸葛亮的智谋。
",书籍 出版 出版业 出版物 图书 心理学 文化 ,商金龙 著,图书 心理学 哲学,,中文,"9787807244141, 7807244143",,,,
《课堂教育心理学》,http:////www.baike.com//wiki//%E3%80%8A%E8%AF%BE%E5%A0%82%E6%95%99%E8%82%B2%E5%BF%83%E7%90%86%E5%AD%A6%E3%80%8B,"《课堂教育心理学》一书的作者是（美）亨利・克莱・林格伦（Henry Clay Lingren）著；章志光等译。
",中文书籍 心理学 社会科学 科学 ,,,,,,,,,
《谁在我家》,http:////www.baike.com//wiki//%E3%80%8A%E8%B0%81%E5%9C%A8%E6%88%91%E5%AE%B6%E3%80%8B,"《谁在我家》是世界图书出版公司独家引进、德国家庭系统排列创始人伯特・海灵格经典力作；风靡欧洲及港台地区的心理疗法，揭示家庭中爱的隐藏动力！海灵格语言中包含了爱，他对哲学、故事和诗歌方面的兴趣，以及他切入人们日常抱怨、直指问题核心的能力，都确定本书并非纯科学的立场。
",书籍 出版 出版业 出版物 医学 图书 家庭 应用科学 心理学 文化 爱 科学 ,（德）海灵格 著 张虹桥 译,图书 > 社会科学 > 社会学,￥35.00,中文,9.78751E+12,,,,
《跟着杨霞找快乐：情绪养心六十法》,http:////www.baike.com//wiki//%E3%80%8A%E8%B7%9F%E7%9D%80%E6%9D%A8%E9%9C%9E%E6%89%BE%E5%BF%AB%E4%B9%90%EF%BC%9A%E6%83%85%E7%BB%AA%E5%85%BB%E5%BF%83%E5%85%AD%E5%8D%81%E6%B3%95%E3%80%8B,"我们现在的生活水平越来越高，生活越来越富裕，可选择的东西越来越多，社会也给了人们越来越多的自由，但为什么会越来越不快乐呢？《跟着杨霞找快乐》作者做了多年的临床咨询和治疗，确信：人生中不管遇到什么风吹雨打，保持好心态，冷静下来思考对策，总会柳暗花明。
",图书 心理学 ,杨霞,,,,,吉林科学技术出版社,,,
《转心术：提升精神智商的108种妙喻》,http:////www.baike.com//wiki//%E3%80%8A%E8%BD%AC%E5%BF%83%E6%9C%AF%EF%BC%9A%E6%8F%90%E5%8D%87%E7%B2%BE%E7%A5%9E%E6%99%BA%E5%95%86%E7%9A%84108%E7%A7%8D%E5%A6%99%E5%96%BB%E3%80%8B,"《转心术：提升精神智商的108种妙喻》是美国心理治疗师阿尼?科扎克创作的，李娟翻译的心理学图书，由21世纪出版社于2010年10月1日出版。本书用108个充满幽默又不乏见地的隐喻故事，形象地阐释了正念冥想是如何帮助现代人获得平衡而幸福的简单生活。
",书籍 出版 出版业 出版物 图书 心理学 文化 心理学图书 ,阿尼?科扎克,心理学书籍,25元,,9.78754E+12,21世纪出版社,,,
《近代心理学历史导引》,http:////www.baike.com//wiki//%E3%80%8A%E8%BF%91%E4%BB%A3%E5%BF%83%E7%90%86%E5%AD%A6%E5%8E%86%E5%8F%B2%E5%AF%BC%E5%BC%95%E3%80%8B,"《近代心理学历史导引》是由商务印书馆出版发行，以哲学和自然科学为背景论述近代心理学历史发展，对近代心理学的产生过程及各心理学流派作了较详尽的论述。
",中文书籍 书籍 出版 出版业 出版物 图书 心理学 文化 社会科学 科学 ,墨菲,哲学,60,汉语,9.7871E+12,商务印书馆,,,
《这样做女孩最聪明》,http:////www.baike.com//wiki//%E3%80%8A%E8%BF%99%E6%A0%B7%E5%81%9A%E5%A5%B3%E5%AD%A9%E6%9C%80%E8%81%AA%E6%98%8E%E3%80%8B,"《这样做女孩最聪明》是一本改变女孩一生的智慧书，它真真切切地让女孩的一生变得更聪明、更睿智！
",书籍 出版 出版业 出版物 图书 心理学 文化 哲 学 ,虞玲玲,,25.00元,,9.78751E+12,新世界,,,
《追寻生命的意义》,http:////www.baike.com//wiki//%E3%80%8A%E8%BF%BD%E5%AF%BB%E7%94%9F%E5%91%BD%E7%9A%84%E6%84%8F%E4%B9%89%E3%80%8B,"《追寻生命的意义》一书中，维也纳医科大学心理精神病学终身教授弗兰克尔博士介绍了导致他发现意义疗法的经历。
",书籍 出版 出版业 出版物 图书 心理学 文化 社会科学 ,（奥）弗兰克尔 著，何忠强，杨凤池 译,社会科学,12,,9.7875E+12,新华出版社,,,
《销售心理学》,http:////www.baike.com//wiki//%E3%80%8A%E9%94%80%E5%94%AE%E5%BF%83%E7%90%86%E5%AD%A6%E3%80%8B,"《销售心理学》是在博恩・崔西的语音课程""销售中的心理学”基础上编写的，该课程在国际上大获成功，一经制作，就被翻译成16种语言，在24个国家使用，是有史以来最畅销的专业销售培训课程。
",书籍 出版 出版业 出版物 图书 心理学 文化 销售 ,博恩・崔西//王有天，彭伟　译,心理学类,32.00元,,9.7873E+12,中国人民大学出版社,,,
《阅读疗法理论与实践》,http:////www.baike.com//wiki//%E3%80%8A%E9%98%85%E8%AF%BB%E7%96%97%E6%B3%95%E7%90%86%E8%AE%BA%E4%B8%8E%E5%AE%9E%E8%B7%B5%E3%80%8B,"《阅读疗法理论与实践》从理论与实践两个方面，对国内外数千年来的阅读疗法进行了科学、深入、系统地总结和理论升华，充分阐述了阅读疗法在防治人们心理和生理疾病方面不可忽视、不可替代和""书犹药也”的独特效用。
",书籍 出版 出版业 出版物 图书 心理学 文化 ,湛佑祥,,￥68.00,,9.7878E+12,军事医学科学出版社,,,
《阿斯彭文稿》,http:////www.baike.com//wiki//%E3%80%8A%E9%98%BF%E6%96%AF%E5%BD%AD%E6%96%87%E7%A8%BF%E3%80%8B,"《阿斯彭文稿》一书的出版是有着非常重要意义的。亨利-詹姆斯，这位享誉世界的文学大师，在中国读者中的认知度却极小，他最著名的小说如《金碗》、《鸽翼》至今仍然没有中文版面世，不得不说这是一件很遗憾的事情。外国文学读到越多我就越是频繁的在其他作家的作品中看到""亨利-詹姆斯”这个名字，可以说在得知《阿斯彭文稿》出版了以后我对这位美国-英国籍作家产生了空前的兴趣。
",书籍 出版 出版业 出版物 图书 外国文学 心理学 文化 美国文学 ,[美] 亨利?詹姆斯,心理分析小说,18.00元,,9.78753E+12,上海文艺出版社,,《The Aspern Papers》,
《青春警钟》,http:////www.baike.com//wiki//%E3%80%8A%E9%9D%92%E6%98%A5%E8%AD%A6%E9%92%9F%E3%80%8B,"《青春警钟》是一本由李兴民、李小龙编著的小说，2007年3月1日由军事医学科学出版社出版发行，本书通过对大学生犯罪问题的剖析，旨在帮助一些大学生认识自我，把握自我，改造自我，走出歧途和误区。
",书籍 出版 出版业 出版物 图书 心理学 教育 文化 ,李兴民 李小龙 编著,图书 书籍 法律 教育,12.00元,中文,780121834,军事医学科学出版社,,,
《领导不可不知的心理学常识》,http:////www.baike.com//wiki//%E3%80%8A%E9%A2%86%E5%AF%BC%E4%B8%8D%E5%8F%AF%E4%B8%8D%E7%9F%A5%E7%9A%84%E5%BF%83%E7%90%86%E5%AD%A6%E5%B8%B8%E8%AF%86%E3%80%8B,"解读心理的奥秘，探寻领导的真谛。领导干部的心理解愁书，有效管理的实用工具书。
",书籍 出版 出版业 出版物 图书 心理学 文化 ,祝晓芹,,￥29.80,中文,9.7878E+12,金城出版社,,,
《领导者心灵鸡汤》,http:////www.baike.com//wiki//%E3%80%8A%E9%A2%86%E5%AF%BC%E8%80%85%E5%BF%83%E7%81%B5%E9%B8%A1%E6%B1%A4%E3%80%8B,"《领导者心灵鸡汤》，作者高鹏云，由中共中央党校出版社于2008年3月1日出版。本书力求以轻松的形式，结合现实案例，指导读者正确释放其内心的巨大压力，塑造健康积极的生活方式。
",书籍 出版 出版业 出版物 图书 心理学 文化 , 编著,图书 书籍 心理学,27.00元,中文,9.7875E+12,中共中央党校出版社,,,
《黑色哈姆雷特》,http:////www.baike.com//wiki//%E3%80%8A%E9%BB%91%E8%89%B2%E5%93%88%E5%A7%86%E9%9B%B7%E7%89%B9%E3%80%8B,"《黑色哈姆雷特》讲述了：20世纪30年代，南非种族隔离政策正蓄势待发。一位犹太精神科医师，《黑色哈姆雷特》作者沃夫萨克斯在南非约翰内斯堡的贫民窟偶然遇见了黑人巫医约翰。再现了一个南非黑人所经历的两个不同文化的碰撞与冲突，更在当时成为证明了精神分析普遍性的最佳例证。
",书籍 出版 出版业 出版物 图书 心理学 文化 ,活夫・萨克斯 著 蔡宜刚 译,图书 心理学,京 东 价：￥20.00（69折）,汉语,9.78711E+12,生活・读书・新知三联书店,,,
中医心理养生谈,http:////www.baike.com//wiki//%E4%B8%AD%E5%8C%BB%E5%BF%83%E7%90%86%E5%85%BB%E7%94%9F%E8%B0%88,"《中医心理养生谈》是2008年农村读物出版社出版的图书，作者是吴中云。
",中医 书 书籍 应用科学 心理学 科学 ,,,30.00元,中文,9.7875E+12,,,,
习得,http:////www.baike.com//wiki//%E4%B9%A0%E5%BE%97,"词语解释
【汉语拼音】xí de【英文翻译】acquire
【词语词性】名词//动词
【基本解释】1.汉语词语：指学习和掌握，因学习、练习而掌握。近义词：获得
2.教育学名词：指借助学习增大反应强度，增添新的反应方式。即知识的掌握。
3.语言学名词：指日常交际环境中通过自然的运用第一语言能力而逐步地、下意识地发展这种能力。
",心理学 心理学书籍 心理学名词 心理学术语 社会科学 神经科学 科学 词语 语言学 ,,,,,,,,,
亚里士多德错觉,http:////www.baike.com//wiki//%E4%BA%9A%E9%87%8C%E5%A3%AB%E5%A4%9A%E5%BE%B7%E9%94%99%E8%A7%89,"亚里士多德[古希腊著名思想家]错觉是最古老的错觉，而且也很容易实现。
将食指和中指交叉，然后触摸一个小的圆形物体，比如晒干的豌豆，人们会感觉自己好像触摸了两颗豌豆。
这个例子就是所谓的""感知分离”。当人们交叉手指时，这两个手指平时不接触的两个侧面便""相会”了，然后触感觉从这两个侧面分别传向大脑。由于正常状况下两个手指的这两个侧面是几乎不会同时接触同一个物体的，于是，人们的大脑意识不到手指已经交叉了，便""想当然”地以为是两个豌豆。
",心理学 心理学书籍 心理学名词 心理学术语 社会科学 神经科学 科学 ,,,,,,,,,
仿生学,http:////www.baike.com//wiki//%E4%BB%BF%E7%94%9F%E5%AD%A6,"仿生学是一门既古老又年轻的学科。
人们研究生物体的结构与功能工作的原理，并根据这些原理发明出新的设备、工具和科技，创造出适用于生产，学习和生活的先进技术。
仿生学一词是1960年由美国斯蒂尔根据拉丁文""bios（生命方式的意思）”和字尾""nlc（‘.具有……的性质’的意思）”构成的。这个词语大约从1961年才开始使用。某些生物具有的功能迄今比任何人工制造的机械都优越得多，仿生学就是要在工程上实现并有效地应用生物功能的一门学科。例如关于信息接受（感觉功能）、信息传递（神经功能）、自动控制系统等，这种生物体的结构与功能在机械设计方面给了很大启发。可举出的仿生学例子，如将海豚[生活在海洋中的鲸目哺乳动物]的体形或皮肤结构（游泳时能使身体表面不产生紊流）应用到潜艇[潜水战艇]设计原理上。
又比如，苍蝇是细菌的传播者，一般归类为害虫，可是苍蝇的楫翅是天然导航仪。而且，它的眼睛是一种""复眼”，由3000多只小眼组成，人们模仿它制成了""蝇眼透镜”。""蝇眼透镜”是一种新型光学元件，它的用途很多。""蝇眼透镜”是用几百或者几千块小透镜整齐排列组合而成的，用它作镜头可以制成""蝇眼照相机”，一次就能照出千百张相同的相片。这种照相机已经用于印刷制版和大量复制电子计算机的微小电路，大大提高了工效和质量。
仿生学也被认为是与控制论有密切关系的一门学科，而控制论主要是将生命现象和机械原理加以比较，进行研究和解释的一门学科。
",分子生物学 学科名 心理学 心理学书籍 心理学名词 心理学术语 海洋学 物理化学 生物化学 生物学 生物物理学名词 神经学 神经科学 科学 科学名词 自然科学 药学名词 ,,,,,,,,,
信息储存,http:////www.baike.com//wiki//%E4%BF%A1%E6%81%AF%E5%82%A8%E5%AD%98,"信息的储存是信息系统的重要方面，如果没有信息储存，就不能充分利用已收集、加工所得信息，同时还要耗资、耗人、耗物来组织信息的重新收集、加工。有了信息储存，就可以保证随用随取，为单位信息的多功能利用创造条件，从而大大降低了费用。 其优点在于存取速度极快，存储的数据量大。信息存储应当决定，什么信息存在什么介质行比较合适。总的来说凭证文件应当用纸介质存储；业务文件用纸或磁带存储；而主文件，如企业中企业结构、人事方面的档案材料、设备或材料的库存账目，应当存于磁盘，以便联机检索和查询。
",心理学 心理学书籍 心理学名词 心理学术语 物理化学 社会科学 神经科学 科学 ,,,,,,,,,
催眠与心理压力释放,http:////www.baike.com//wiki//%E5%82%AC%E7%9C%A0%E4%B8%8E%E5%BF%83%E7%90%86%E5%8E%8B%E5%8A%9B%E9%87%8A%E6%94%BE,"本书试图通过通俗易懂的语言与您分享一些与压力管理相关的心理学知识，以便了解生活中各种压力的产生规律，更加清晰地面对生活中的各种情况。
",传媒 图书 心理 心理学 文化 催眠 压力管理 郝滨 ,郝滨,,42元,简体中文,9.78721E+12,,,,
动作研究,http:////www.baike.com//wiki//%E5%8A%A8%E4%BD%9C%E7%A0%94%E7%A9%B6,"动作研究是研究工人在生产过程中的动作协调、省力、省时、简便的一套方法。创始人及最得力的传播者是美国的吉尔布雷斯夫妇。基本要旨是： 分析研究劳动者在劳动中的各种动作，取消无用的动作，改进有用的动作，使所有的动作都成为必要的良好的动作，以提高劳动生产率。包括三个问题：速度问题，即动作与时间的关系，疲劳问题，即动作与人体的关系，质量问题，即动作与产品的关系。研究步骤是： (1) 考察、记录劳动的动作、劳动环境、劳动场所及其与劳动者的关系。(2) 分析每一个动作是否需要、能否合并，如何改进等。(3) 确定最好的动作方法、最好的劳动条件等。(4) 确定标准动作，并制定工作指导卡。
",心理学 心理学书籍 心理学术语 社会科学 神经学 神经科学 神经科学与心理学 科学 ,,,,,,,,,
动物心理学,http:////www.baike.com//wiki//%E5%8A%A8%E7%89%A9%E5%BF%83%E7%90%86%E5%AD%A6,"动物心理学（英语：The Psychology of Animal或The Animal psychology）是一个心理学分支学科。其是对动物――尤其是非人类动物――的心灵的研究。
除动物心理学之外，研究动物行为的还有比较心理学和习性学，比较心理学着重于从进化的观点对不同种动物的行为进行比较研究，动物心理学则着重于通过动物行为对心理过程进行分析。习性学则侧重在正常自然环境中对动物的习惯和行为及其适应生存的功能进行观察。
",学科名 心理学 心理学书籍 心理学名词 心理学术语 社会科学 神经学 神经科学 神经科学与心理学 科学 药物 ,,,,,,,,The Psycholog,
动觉后效,http:////www.baike.com//wiki//%E5%8A%A8%E8%A7%89%E5%90%8E%E6%95%88,"动觉后效（Kinesthetic After-Effect） ，继1933年J.J.吉布森报告了视觉图形后效后，1947年W.苛勒和D.迪纳斯坦首先开始着手研究动觉的图形后效，
",心理学 心理学书籍 心理学名词 心理学术语 社会科学 神经学 神经科学 神经科学与心理学 科学 ,,,,,,,,,
危机干预,http:////www.baike.com//wiki//%E5%8D%B1%E6%9C%BA%E5%B9%B2%E9%A2%84,"危机干预，从心理学和社会工作实务的角度来看，是一种通过调动处于危机之中的个体自身潜能来重新建立或恢复危机爆发前的心理平衡状态的，危机干预已经日益成为临床心理服务的一个重要分支。危机（crisis）是指人类个体或群体无法利用现有资源和惯常应对机制加以处理的事件和遭遇。危机往往是突发的，出乎人们的预期。如果不能得到很快控制和及时缓解，危机就会导致人们在认知、情感和行为上出现功能失调以及社会的混乱。因此，危机控（crisis management）、危机干预(crisis intervention)便成为人类处理危机，给处于危机之中的个人或群体提供有效帮助和支持的一种必然的应对策略。
",内科学 应用科学 心理 心理学 心理学书籍 心理学名词 心理学术语 神经科学 科学 自杀 危机干预 ,,,,,,,,crisis intervention,
反响回路,http:////www.baike.com//wiki//%E5%8F%8D%E5%93%8D%E5%9B%9E%E8%B7%AF,"脑和脊髓中存在的封闭通路。又称再入回路。20世纪40年代初由加拿大心理学家D.O.赫布提出，用以表明中枢神经系统中保持刺激所产生的兴奋的机制。近代生理心理学常用其说明短时记忆的机制。从理论上说，反响回路中的兴奋如不受干扰，可以连续不断地循环下去；如果有其他兴奋传入并与之联合，则可导致某种运动反应。
",心理学 心理学书籍 心理学名词 心理学术语 社会科学 神经学 神经科学 科学 ,,,,,,,,,
变态心理学引论,http:////www.baike.com//wiki//%E5%8F%98%E6%80%81%E5%BF%83%E7%90%86%E5%AD%A6%E5%BC%95%E8%AE%BA,"《变态心理学引论》是2009年4月知识产权出版社出版的图书，作者是陈生。
",图书 心理学 教材 社会科学 科学 心理障碍 ,陈生,,33.00 元,,9.7878E+12,,,,
口袋里的心理治疗师,http:////www.baike.com//wiki//%E5%8F%A3%E8%A2%8B%E9%87%8C%E7%9A%84%E5%BF%83%E7%90%86%E6%B2%BB%E7%96%97%E5%B8%88,"有时候我们为什么会莫名害怕、拒绝与人交往、在人群中也会觉得不安全、过桥或走过广场时就会惊慌不已、害怕尖锐的东西、最简单的事情也做不了选择、担心和异性相处、努力相爱却伤害更深……这是一部像手术刀一样的书，冷静切开内心焦虑、恐惧、抑郁的伤口，用从未有过的方式来观察自己，进而了解、认清自己。
",图书 心理学 社会科学 ,,,,,,,,,
合理情绪疗法,http:////www.baike.com//wiki//%E5%90%88%E7%90%86%E6%83%85%E7%BB%AA%E7%96%97%E6%B3%95,"合理情绪治疗（Rational－Emotive Therapy，简称RET）也称""理性情绪疗法”，是帮助求助者解决因不合理信念产生的情绪困扰的一种心理治疗方法。是20世纪50年代由阿尔伯特・艾利斯（A．ElliS）在美国创立的。合理情绪治疗是认知心理治疗中的一种疗法，因它也采用行为疗法的一些方法，故被称之为一种认知-行为疗法。
",健康 健康科学 医学 心理学 心理学书籍 心理学名词 情绪 生活 ,,,,,,,,Rational－Emotive Therapy,
向子贡学说服,http:////www.baike.com//wiki//%E5%90%91%E5%AD%90%E8%B4%A1%E5%AD%A6%E8%AF%B4%E6%9C%8D,"《向子贡学说服》以说服力为主要阐述内容。本书从心理学的角度为读者介绍了春秋战国时期，孔子门徒子贡成功说服齐国停止攻打鲁国的过程，以及由此而发生的群雄争霸格局的变化。在面对众多不利因素的条件下，子贡用自己高超的智慧完成了一个看似不可能完成的任务。根本原因就是，他正确地分析了每个王公的""需求”，并精准地找出了他们心中的""恐惧点”。最后，作者借古论今，分析并阐述了说服过程中的""恐惧策略”。本书通过历史事件来启发当今的人们，成功的说服不是靠口舌之利，而是要凭借对心理学原理的娴熟应用，以及对说服对象心理的准确洞悉与把握。
",图书 心理学 口才 演讲 ,陈禹安,,25.00元,简体中文,978-7-5060-4376-2,,,,
实验社会心理学,http:////www.baike.com//wiki//%E5%AE%9E%E9%AA%8C%E7%A4%BE%E4%BC%9A%E5%BF%83%E7%90%86%E5%AD%A6,"以实验方法研究社会心理现象的社会心理学分支。自从1879年W.冯特在莱比锡大学创建心理实验室以来，许多心理学家将社会心理学的有关问题带进实验室，逐渐发展了实验社会心理学。实验社会心理学对社会心理现象不作玄学思辨或空洞理论的探讨，而是通过实验，根据实验数据作出相应的结论。实验社会心理学的特点是把人们的社会心理现象当作客观的自然现象加以观察，着重定量化的分析，并根据研究所得的材料解释、控制和调节人们的社会行为。
",心理学 心理学书籍 心理学名词 心理学术语 社会心理学 社会科学 神经科学 科学 ,,,,,,,,,
工作要懂心理学,http:////www.baike.com//wiki//%E5%B7%A5%E4%BD%9C%E8%A6%81%E6%87%82%E5%BF%83%E7%90%86%E5%AD%A6,"《工作要懂心理学》是2009年2月天津科学技术出版社出版的图书，作者是邓叶染。
",图书 心理学 社会科学 科学 ,邓叶染,,32.80 元,中文,9.78753E+12,,,,
应用社会心理学,http:////www.baike.com//wiki//%E5%BA%94%E7%94%A8%E7%A4%BE%E4%BC%9A%E5%BF%83%E7%90%86%E5%AD%A6,"应用社会心理学（ApplledSocialPsychology）运用社会心理学的方法、理论、原则对现实社会问题进行分析和解释的学科。应用社会心理学从分析社会问题入手，通过对现实社会问题的解释，从而发挥其对社会的干预功能，以改善和提高人们的生活质量。当某个领域的应用社会心理学研究已经形成自己独特的研究对象、专门的研究方法和较完整的豆腐体系时，这个领域的分支社会心理学也随之产生。应用社会心理学研究是发挥社会心理学预测、控制功能的具体途径。运用社会心理学的理论和方法研究和解决现实生活中的社会问题的社会心理学分支。
",学科 心理 心理学 心理学书籍 心理学名词 心理学术语 教育 文化 理论 社会心理学 社会科学 神经科学 科学 ,,,,,,,,ApplledSocialPsychology,
深度认知,http:////www.baike.com//wiki//%E6%B7%B1%E5%BA%A6%E8%AE%A4%E7%9F%A5,,书籍 心理学 著作 ,,,,,,,,,
